GeoFips,GeoName,2018
01001,"Autauga, AL",1690937
01003,"Baldwin, AL",6606080
01005,"Barbour, AL",851956
01007,"Bibb, AL",424510
01009,"Blount, AL",942904
01011,"Bullock, AL",256130
01013,"Butler, AL",632592
01015,"Calhoun, AL",4428092
01017,"Chambers, AL",2218892
01019,"Cherokee, AL",554189
01021,"Chilton, AL",965008
01023,"Choctaw, AL",620190
01025,"Clarke, AL",902154
01027,"Clay, AL",370148
01029,"Cleburne, AL",314601
01031,"Coffee, AL",1598712
01033,"Colbert, AL",3066841
01035,"Conecuh, AL",418296
01037,"Coosa, AL",197978
01039,"Covington, AL",1288409
01041,"Crenshaw, AL",433890
01043,"Cullman, AL",2810701
01045,"Dale, AL",2807124
01047,"Dallas, AL",1330950
01049,"DeKalb, AL",1932838
01051,"Elmore, AL",1902516
01053,"Escambia, AL",1270995
01055,"Etowah, AL",3153479
01057,"Fayette, AL",364749
01059,"Franklin, AL",985758
01061,"Geneva, AL",560428
01063,"Greene, AL",256197
01065,"Hale, AL",306727
01067,"Henry, AL",383534
01069,"Houston, AL",4923509
01071,"Jackson, AL",1483373
01073,"Jefferson, AL",46959136
01075,"Lamar, AL",343597
01077,"Lauderdale, AL",2810564
01079,"Lawrence, AL",641615
01081,"Lee, AL",6818940
01083,"Limestone, AL",3717509
01085,"Lowndes, AL",440613
01087,"Macon, AL",502444
01089,"Madison, AL",23840513
01091,"Marengo, AL",746802
01093,"Marion, AL",908475
01095,"Marshall, AL",3403815
01097,"Mobile, AL",19930388
01099,"Monroe, AL",709333
01101,"Montgomery, AL",14237190
01103,"Morgan, AL",5631419
01105,"Perry, AL",197656
01107,"Pickens, AL",420382
01109,"Pike, AL",1417893
01111,"Randolph, AL",463437
01113,"Russell, AL",1678883
01115,"St. Clair, AL",1994734
01117,"Shelby, AL",11594728
01119,"Sumter, AL",345945
01121,"Talladega, AL",3170485
01123,"Tallapoosa, AL",1347920
01125,"Tuscaloosa, AL",9793605
01127,"Walker, AL",2279488
01129,"Washington, AL",930752
01131,"Wilcox, AL",423124
01133,"Winston, AL",778730
02013,"Aleutians East Borough, AK*",222998
02016,"Aleutians West Census Area, AK*",402763
02020,"Anchorage Municipality, AK",22478485
02050,"Bethel Census Area, AK*",694275
02060,"Bristol Bay Borough, AK",147230
02068,"Denali Borough, AK*",261017
02070,"Dillingham Census Area, AK*",282398
02090,"Fairbanks North Star Borough, AK",6310217
02100,"Haines Borough, AK",113739
02105,"Hoonah-Angoon Census Area, AK*",85789
02110,"Juneau City and Borough, AK",2523878
02122,"Kenai Peninsula Borough, AK",2992735
02130,"Ketchikan Gateway Borough, AK*",927658
02150,"Kodiak Island Borough, AK",814784
02158,"Kusilvak Census Area, AK*",165689
02164,"Lake and Peninsula Borough, AK*",101587
02170,"Matanuska-Susitna Borough, AK",2594409
02180,"Nome Census Area, AK*",443247
02185,"North Slope Borough, AK",7611135
02188,"Northwest Arctic Borough, AK",693815
02195,"Petersburg Borough, AK*",177500
02198,"Prince of Wales-Hyder Census Area, AK*",226033
02201,"Prince of Wales-Outer Ketchikan Census Area, AK*",(NA)
02220,"Sitka City and Borough, AK",511852
02230,"Skagway Municipality, AK*",98293
02232,"Skagway-Hoonah-Angoon Census Area, AK*",(NA)
02240,"Southeast Fairbanks Census Area, AK*",635523
02261,"Valdez-Cordova Census Area, AK*",2777388
02275,"Wrangell City and Borough, AK*",97029
02280,"Wrangell-Petersburg Census Area, AK*",(NA)
02282,"Yakutat City and Borough, AK*",32592
02290,"Yukon-Koyukuk Census Area, AK*",310007
04001,"Apache, AZ",2983095
04003,"Cochise, AZ",4910034
04005,"Coconino, AZ",7718197
04007,"Gila, AZ",2053238
04009,"Graham, AZ",1234253
04011,"Greenlee, AZ",1656478
04012,"La Paz, AZ",669904
04013,"Maricopa, AZ",247622633
04015,"Mohave, AZ",5689377
04017,"Navajo, AZ",3824492
04019,"Pima, AZ",44876057
04021,"Pinal, AZ",7589136
04023,"Santa Cruz, AZ",1916776
04025,"Yavapai, AZ",7222136
04027,"Yuma, AZ",8331269
05001,"Arkansas, AR",1102976
05003,"Ashley, AR",1081422
05005,"Baxter, AR",1274823
05007,"Benton, AR",14336028
05009,"Boone, AR",1300815
05011,"Bradley, AR",373396
05013,"Calhoun, AR",384923
05015,"Carroll, AR",858095
05017,"Chicot, AR",271412
05019,"Clark, AR",845261
05021,"Clay, AR",339338
05023,"Cleburne, AR",780221
05025,"Cleveland, AR",164527
05027,"Columbia, AR",895867
05029,"Conway, AR",840840
05031,"Craighead, AR",4547260
05033,"Crawford, AR",1755017
05035,"Crittenden, AR",1662177
05037,"Cross, AR",479547
05039,"Dallas, AR",227939
05041,"Desha, AR",516951
05043,"Drew, AR",637184
05045,"Faulkner, AR",3978405
05047,"Franklin, AR",488172
05049,"Fulton, AR",205514
05051,"Garland, AR",3434549
05053,"Grant, AR",438169
05055,"Greene, AR",1505097
05057,"Hempstead, AR",966640
05059,"Hot Spring, AR",994610
05061,"Howard, AR",649919
05063,"Independence, AR",1879044
05065,"Izard, AR",299933
05067,"Jackson, AR",567064
05069,"Jefferson, AR",3284170
05071,"Johnson, AR",755597
05073,"Lafayette, AR",161798
05075,"Lawrence, AR",484948
05077,"Lee, AR",197132
05079,"Lincoln, AR",278101
05081,"Little River, AR",427507
05083,"Logan, AR",599587
05085,"Lonoke, AR",1321564
05087,"Madison, AR",410204
05089,"Marion, AR",545122
05091,"Miller, AR",1245133
05093,"Mississippi, AR",2379102
05095,"Monroe, AR",209317
05097,"Montgomery, AR",166282
05099,"Nevada, AR",288562
05101,"Newton, AR",110950
05103,"Ouachita, AR",691271
05105,"Perry, AR",152200
05107,"Phillips, AR",513863
05109,"Pike, AR",268054
05111,"Poinsett, AR",615912
05113,"Polk, AR",541189
05115,"Pope, AR",3002761
05117,"Prairie, AR",175904
05119,"Pulaski, AR",30084230
05121,"Randolph, AR",466540
05123,"St. Francis, AR",763463
05125,"Saline, AR",2277673
05127,"Scott, AR",300023
05129,"Searcy, AR",140105
05131,"Sebastian, AR",6694948
05133,"Sevier, AR",484460
05135,"Sharp, AR",345078
05137,"Stone, AR",252581
05139,"Union, AR",3058568
05141,"Van Buren, AR",510855
05143,"Washington, AR",10971298
05145,"White, AR",2356340
05147,"Woodruff, AR",221587
05149,"Yell, AR",581790
06001,"Alameda, CA",144494091
06003,"Alpine, CA",230220
06005,"Amador, CA",1864239
06007,"Butte, CA",10332996
06009,"Calaveras, CA",1642450
06011,"Colusa, CA",1721047
06013,"Contra Costa, CA",82436416
06015,"Del Norte, CA",1046680
06017,"El Dorado, CA",8765718
06019,"Fresno, CA",47408857
06021,"Glenn, CA",1483786
06023,"Humboldt, CA",6817827
06025,"Imperial, CA",8444865
06027,"Inyo, CA",1346160
06029,"Kern, CA",49514180
06031,"Kings, CA",6145790
06033,"Lake, CA",2423297
06035,"Lassen, CA",1487738
06037,"Los Angeles, CA",787176672
06039,"Madera, CA",7201526
06041,"Marin, CA",23648191
06043,"Mariposa, CA",910996
06045,"Mendocino, CA",4050620
06047,"Merced, CA",9799550
06049,"Modoc, CA",455169
06051,"Mono, CA",1144985
06053,"Monterey, CA",27423193
06055,"Napa, CA",11316865
06057,"Nevada, CA",4761492
06059,"Orange, CA",260484674
06061,"Placer, CA",24748629
06063,"Plumas, CA",1206345
06065,"Riverside, CA",90768490
06067,"Sacramento, CA",96628861
06069,"San Benito, CA",2759377
06071,"San Bernardino, CA",96340623
06073,"San Diego, CA",245138815
06075,"San Francisco, CA",183171673
06077,"San Joaquin, CA",32328427
06079,"San Luis Obispo, CA",18520901
06081,"San Mateo, CA",114862990
06083,"Santa Barbara, CA",30191620
06085,"Santa Clara, CA",328260759
06087,"Santa Cruz, CA",15310247
06089,"Shasta, CA",8723326
06091,"Sierra, CA",226271
06093,"Siskiyou, CA",1940815
06095,"Solano, CA",26440606
06097,"Sonoma, CA",31959962
06099,"Stanislaus, CA",25133925
06101,"Sutter, CA",3831491
06103,"Tehama, CA",2421320
06105,"Trinity, CA",570541
06107,"Tulare, CA",19137922
06109,"Tuolumne, CA",2768973
06111,"Ventura, CA",59631268
06113,"Yolo, CA",15336770
06115,"Yuba, CA",3391514
08001,"Adams, CO*",26808606
08003,"Alamosa, CO",748242
08005,"Arapahoe, CO",48610332
08007,"Archuleta, CO",521115
08009,"Baca, CO",148880
08011,"Bent, CO",164418
08013,"Boulder, CO*",27533518
08014,"Broomfield, CO*",8774670
08015,"Chaffee, CO",795570
08017,"Cheyenne, CO",196151
08019,"Clear Creek, CO",505016
08021,"Conejos, CO",251585
08023,"Costilla, CO",116343
08025,"Crowley, CO",124035
08027,"Custer, CO",145368
08029,"Delta, CO",861767
08031,"Denver, CO",77455208
08033,"Dolores, CO",132365
08035,"Douglas, CO",17335732
08037,"Eagle, CO",3903441
08039,"Elbert, CO",555453
08041,"El Paso, CO",37001039
08043,"Fremont, CO",1515306
08045,"Garfield, CO",3893318
08047,"Gilpin, CO",611473
08049,"Grand, CO",825925
08051,"Gunnison, CO",1120201
08053,"Hinsdale, CO",58282
08055,"Huerfano, CO",282562
08057,"Jackson, CO",125414
08059,"Jefferson, CO*",33039256
08061,"Kiowa, CO",71215
08063,"Kit Carson, CO",425741
08065,"Lake, CO",330419
08067,"La Plata, CO",3538083
08069,"Larimer, CO",18783482
08071,"Las Animas, CO",648555
08073,"Lincoln, CO",416530
08075,"Logan, CO",1116622
08077,"Mesa, CO",7017336
08079,"Mineral, CO",85343
08081,"Moffat, CO",1063148
08083,"Montezuma, CO",1567692
08085,"Montrose, CO",1581715
08087,"Morgan, CO",1682660
08089,"Otero, CO",652500
08091,"Ouray, CO",219458
08093,"Park, CO",461860
08095,"Phillips, CO",220369
08097,"Pitkin, CO",2203979
08099,"Prowers, CO",590035
08101,"Pueblo, CO",6888420
08103,"Rio Blanco, CO",612774
08105,"Rio Grande, CO",469296
08107,"Routt, CO",1873786
08109,"Saguache, CO",185596
08111,"San Juan, CO",49447
08113,"San Miguel, CO",725195
08115,"Sedgwick, CO",116765
08117,"Summit, CO",2472134
08119,"Teller, CO",937531
08121,"Washington, CO",226176
08123,"Weld, CO*",19759560
08125,"Yuma, CO",595549
09001,"Fairfield, CT",89387658
09003,"Hartford, CT",84111164
09005,"Litchfield, CT",8742282
09007,"Middlesex, CT",9839702
09009,"New Haven, CT",53613901
09011,"New London, CT",19295006
09013,"Tolland, CT",5514449
09015,"Windham, CT",5222741
10001,"Kent, DE",7557875
10003,"New Castle, DE",50522842
10005,"Sussex, DE",15400621
11001,"District of Columbia, DC",140660945
12001,"Alachua, FL",14129555
12003,"Baker, FL",654846
12005,"Bay, FL",8649911
12007,"Bradford, FL",733405
12009,"Brevard, FL",25675517
12011,"Broward, FL",108572033
12013,"Calhoun, FL",282532
12015,"Charlotte, FL",5227779
12017,"Citrus, FL",3989942
12019,"Clay, FL",5095775
12021,"Collier, FL",17910636
12023,"Columbia, FL",2324177
12027,"DeSoto, FL",883839
12029,"Dixie, FL",308668
12031,"Duval, FL",66543822
12033,"Escambia, FL",16070346
12035,"Flagler, FL",2432945
12037,"Franklin, FL",386668
12039,"Gadsden, FL",1329348
12041,"Gilchrist, FL",388264
12043,"Glades, FL",276919
12045,"Gulf, FL",426858
12047,"Hamilton, FL",456586
12049,"Hardee, FL",1122235
12051,"Hendry, FL",1220175
12053,"Hernando, FL",4321953
12055,"Highlands, FL",2716127
12057,"Hillsborough, FL",89665469
12059,"Holmes, FL",362898
12061,"Indian River, FL",6015131
12063,"Jackson, FL",1369166
12065,"Jefferson, FL",312182
12067,"Lafayette, FL",198918
12069,"Lake, FL",9314348
12071,"Lee, FL",30583564
12073,"Leon, FL",16062854
12075,"Levy, FL",1190801
12077,"Liberty, FL",208087
12079,"Madison, FL",541055
12081,"Manatee, FL",14167026
12083,"Marion, FL",10362585
12085,"Martin, FL",7777385
12086,"Miami-Dade, FL",164632057
12087,"Monroe, FL",4886461
12089,"Nassau, FL",2530754
12091,"Okaloosa, FL",11802635
12093,"Okeechobee, FL",1193723
12095,"Orange, FL",98092581
12097,"Osceola, FL",9501712
12099,"Palm Beach, FL",81536008
12101,"Pasco, FL",12705902
12103,"Pinellas, FL",52309434
12105,"Polk, FL",25267522
12107,"Putnam, FL",2292484
12109,"St. Johns, FL",8361323
12111,"St. Lucie, FL",9430777
12113,"Santa Rosa, FL",4318852
12115,"Sarasota, FL",20110820
12117,"Seminole, FL",22039179
12119,"Sumter, FL",2825373
12121,"Suwannee, FL",1127853
12123,"Taylor, FL",989811
12125,"Union, FL",344981
12127,"Volusia, FL",18539379
12129,"Wakulla, FL",699594
12131,"Walton, FL",2874403
12133,"Washington, FL",560449
13001,"Appling, GA",1614326
13003,"Atkinson, GA",268730
13005,"Bacon, GA",387642
13007,"Baker, GA",84612
13009,"Baldwin, GA",1426587
13011,"Banks, GA",443231
13013,"Barrow, GA",2150298
13015,"Bartow, GA",5074625
13017,"Ben Hill, GA",565992
13019,"Berrien, GA",406799
13021,"Bibb, GA",9013633
13023,"Bleckley, GA",269289
13025,"Brantley, GA",277048
13027,"Brooks, GA",318669
13029,"Bryan, GA",929073
13031,"Bulloch, GA",2479598
13033,"Burke, GA",2830946
13035,"Butts, GA",646145
13037,"Calhoun, GA",132791
13039,"Camden, GA",2114764
13043,"Candler, GA",278749
13045,"Carroll, GA",4428990
13047,"Catoosa, GA",1556696
13049,"Charlton, GA",217428
13051,"Chatham, GA",19357819
13053,"Chattahoochee, GA",1598505
13055,"Chattooga, GA",622293
13057,"Cherokee, GA",7043650
13059,"Clarke, GA",7933106
13061,"Clay, GA",90687
13063,"Clayton, GA",19123786
13065,"Clinch, GA",271546
13067,"Cobb, GA",50574731
13069,"Coffee, GA",1554195
13071,"Colquitt, GA",1475552
13073,"Columbia, GA",3780110
13075,"Cook, GA",422149
13077,"Coweta, GA",4179418
13079,"Crawford, GA",171741
13081,"Crisp, GA",817872
13083,"Dade, GA",418597
13085,"Dawson, GA",908263
13087,"Decatur, GA",916338
13089,"DeKalb, GA",41799796
13091,"Dodge, GA",494127
13093,"Dooly, GA",351176
13095,"Dougherty, GA",4751513
13097,"Douglas, GA",4380025
13099,"Early, GA",620630
13101,"Echols, GA",54191
13103,"Effingham, GA",2066643
13105,"Elbert, GA",654889
13107,"Emanuel, GA",718281
13109,"Evans, GA",387591
13111,"Fannin, GA",698677
13113,"Fayette, GA",4923301
13115,"Floyd, GA",4294954
13117,"Forsyth, GA",9592874
13119,"Franklin, GA",937092
13121,"Fulton, GA",167756496
13123,"Gilmer, GA",878148
13125,"Glascock, GA",48732
13127,"Glynn, GA",4084701
13129,"Gordon, GA",2372510
13131,"Grady, GA",754700
13133,"Greene, GA",702108
13135,"Gwinnett, GA",48836949
13137,"Habersham, GA",1541182
13139,"Hall, GA",9983107
13141,"Hancock, GA",191425
13143,"Haralson, GA",814844
13145,"Harris, GA",522874
13147,"Hart, GA",952232
13149,"Heard, GA",1283931
13151,"Henry, GA",6190990
13153,"Houston, GA",6858578
13155,"Irwin, GA",209077
13157,"Jackson, GA",2972005
13159,"Jasper, GA",273391
13161,"Jeff Davis, GA",469458
13163,"Jefferson, GA",578662
13165,"Jenkins, GA",155594
13167,"Johnson, GA",157811
13169,"Jones, GA",450672
13171,"Lamar, GA",444205
13173,"Lanier, GA",183177
13175,"Laurens, GA",2129385
13177,"Lee, GA",620156
13179,"Liberty, GA",3655387
13181,"Lincoln, GA",153779
13183,"Long, GA",137382
13185,"Lowndes, GA",5213433
13187,"Lumpkin, GA",803630
13189,"McDuffie, GA",692839
13191,"McIntosh, GA",216710
13193,"Macon, GA",442258
13195,"Madison, GA",506022
13197,"Marion, GA",141910
13199,"Meriwether, GA",567335
13201,"Miller, GA",197784
13205,"Mitchell, GA",765673
13207,"Monroe, GA",1867979
13209,"Montgomery, GA",166472
13211,"Morgan, GA",754659
13213,"Murray, GA",1382189
13215,"Muscogee, GA",11198099
13217,"Newton, GA",2772088
13219,"Oconee, GA",1392998
13221,"Oglethorpe, GA",312333
13223,"Paulding, GA",2638493
13225,"Peach, GA",1061778
13227,"Pickens, GA",1047712
13229,"Pierce, GA",437831
13231,"Pike, GA",323928
13233,"Polk, GA",1327289
13235,"Pulaski, GA",296466
13237,"Putnam, GA",526124
13239,"Quitman, GA",53463
13241,"Rabun, GA",542190
13243,"Randolph, GA",401991
13245,"Richmond, GA",13187544
13247,"Rockdale, GA",3861232
13249,"Schley, GA",126018
13251,"Screven, GA",375459
13253,"Seminole, GA",285402
13255,"Spalding, GA",2202688
13257,"Stephens, GA",931776
13259,"Stewart, GA",145493
13261,"Sumter, GA",1138014
13263,"Talbot, GA",154072
13265,"Taliaferro, GA",41433
13267,"Tattnall, GA",624922
13269,"Taylor, GA",223357
13271,"Telfair, GA",458197
13273,"Terrell, GA",276657
13275,"Thomas, GA",2336213
13277,"Tift, GA",1968850
13279,"Toombs, GA",1041411
13281,"Towns, GA",341942
13283,"Treutlen, GA",133197
13285,"Troup, GA",4160370
13287,"Turner, GA",219568
13289,"Twiggs, GA",286425
13291,"Union, GA",744507
13293,"Upson, GA",717705
13295,"Walker, GA",1547956
13297,"Walton, GA",2666448
13299,"Ware, GA",1441854
13301,"Warren, GA",215006
13303,"Washington, GA",670249
13305,"Wayne, GA",822316
13307,"Webster, GA",79153
13309,"Wheeler, GA",138560
13311,"White, GA",741401
13313,"Whitfield, GA",6174790
13315,"Wilcox, GA",162620
13317,"Wilkes, GA",324638
13319,"Wilkinson, GA",483551
13321,"Worth, GA",384279
15001,"Hawaii, HI",9152883
15003,"Honolulu, HI",69252343
15007,"Kauai, HI",4632808
15901,"Maui + Kalawao, HI*",10759866
16001,"Ada, ID",27409991
16003,"Adams, ID",142975
16005,"Bannock, ID",3067167
16007,"Bear Lake, ID",187363
16009,"Benewah, ID",350794
16011,"Bingham, ID",1465317
16013,"Blaine, ID",1592524
16015,"Boise, ID",256101
16017,"Bonner, ID",1521898
16019,"Bonneville, ID",5444837
16021,"Boundary, ID",384802
16023,"Butte, ID",1039640
16025,"Camas, ID",57845
16027,"Canyon, ID",6002296
16029,"Caribou, ID",455643
16031,"Cassia, ID",1540832
16033,"Clark, ID",44212
16035,"Clearwater, ID",372597
16037,"Custer, ID",168529
16039,"Elmore, ID",1232791
16041,"Franklin, ID",346667
16043,"Fremont (includes Yellowstone Park), ID",413654
16045,"Gem, ID",365316
16047,"Gooding, ID",1070548
16049,"Idaho, ID",552589
16051,"Jefferson, ID",605937
16053,"Jerome, ID",1280042
16055,"Kootenai, ID",6257997
16057,"Latah, ID",1433362
16059,"Lemhi, ID",256290
16061,"Lewis, ID",166812
16063,"Lincoln, ID",250418
16065,"Madison, ID",1269561
16067,"Minidoka, ID",770530
16069,"Nez Perce, ID",2141678
16071,"Oneida, ID",115088
16073,"Owyhee, ID",358169
16075,"Payette, ID",817503
16077,"Power, ID",462965
16079,"Shoshone, ID",471638
16081,"Teton, ID",351128
16083,"Twin Falls, ID",3604052
16085,"Valley, ID",514465
16087,"Washington, ID",437421
17001,"Adams, IL",3676937
17003,"Alexander, IL",199171
17005,"Bond, IL",617298
17007,"Boone, IL",1931882
17009,"Brown, IL",445261
17011,"Bureau, IL",1340134
17013,"Calhoun, IL",121332
17015,"Carroll, IL",506844
17017,"Cass, IL",675352
17019,"Champaign, IL",11675933
17021,"Christian, IL",1475299
17023,"Clark, IL",638351
17025,"Clay, IL",648382
17027,"Clinton, IL",1310475
17029,"Coles, IL",2562035
17031,"Cook, IL",411671713
17033,"Crawford, IL",2875018
17035,"Cumberland, IL",360077
17037,"DeKalb, IL",4120286
17039,"De Witt, IL",1232780
17041,"Douglas, IL",1100374
17043,"DuPage, IL",91380287
17045,"Edgar, IL",834905
17047,"Edwards, IL",309969
17049,"Effingham, IL",2256812
17051,"Fayette, IL",657542
17053,"Ford, IL",809178
17055,"Franklin, IL",1362520
17057,"Fulton, IL",1036608
17059,"Gallatin, IL",252143
17061,"Greene, IL",400008
17063,"Grundy, IL",3506911
17065,"Hamilton, IL",473389
17067,"Hancock, IL",704037
17069,"Hardin, IL",116883
17071,"Henderson, IL",206080
17073,"Henry, IL",1618888
17075,"Iroquois, IL",1098282
17077,"Jackson, IL",3168157
17079,"Jasper, IL",593232
17081,"Jefferson, IL",1876992
17083,"Jersey, IL",562841
17085,"Jo Daviess, IL",910082
17087,"Johnson, IL",258342
17089,"Kane, IL",24667680
17091,"Kankakee, IL",4936861
17093,"Kendall, IL",3303924
17095,"Knox, IL",1954851
17097,"Lake, IL",67701128
17099,"LaSalle, IL",6108769
17101,"Lawrence, IL",520370
17103,"Lee, IL",1677724
17105,"Livingston, IL",1846437
17107,"Logan, IL",1176274
17109,"McDonough, IL",1298699
17111,"McHenry, IL",11534353
17113,"McLean, IL",13155115
17115,"Macon, IL",7349716
17117,"Macoupin, IL",1288245
17119,"Madison, IL",12118321
17121,"Marion, IL",1533670
17123,"Marshall, IL",444189
17125,"Mason, IL",626649
17127,"Massac, IL",784074
17129,"Menard, IL",316865
17131,"Mercer, IL",445984
17133,"Monroe, IL",1031460
17135,"Montgomery, IL",1426046
17137,"Morgan, IL",1601326
17139,"Moultrie, IL",743762
17141,"Ogle, IL",3066694
17143,"Peoria, IL",13521905
17145,"Perry, IL",768271
17147,"Piatt, IL",528937
17149,"Pike, IL",641646
17151,"Pope, IL",102042
17153,"Pulaski, IL",263742
17155,"Putnam, IL",377544
17157,"Randolph, IL",1650387
17159,"Richland, IL",1058155
17161,"Rock Island, IL",11711580
17163,"St. Clair, IL",11942370
17165,"Saline, IL",893041
17167,"Sangamon, IL",11873339
17169,"Schuyler, IL",280987
17171,"Scott, IL",197150
17173,"Shelby, IL",835983
17175,"Stark, IL",247009
17177,"Stephenson, IL",2133891
17179,"Tazewell, IL",9406637
17181,"Union, IL",495647
17183,"Vermilion, IL",3623054
17185,"Wabash, IL",405980
17187,"Warren, IL",820734
17189,"Washington, IL",1080178
17191,"Wayne, IL",629450
17193,"White, IL",586678
17195,"Whiteside, IL",2330100
17197,"Will, IL",31475135
17199,"Williamson, IL",3105878
17201,"Winnebago, IL",14817252
17203,"Woodford, IL",1267496
18001,"Adams, IN",1552083
18003,"Allen, IN",21759326
18005,"Bartholomew, IN",7192801
18007,"Benton, IN",444110
18009,"Blackford, IN",324631
18011,"Boone, IN",4894814
18013,"Brown, IN",276637
18015,"Carroll, IN",669215
18017,"Cass, IN",1394263
18019,"Clark, IN",5008620
18021,"Clay, IN",727534
18023,"Clinton, IN",1227166
18025,"Crawford, IN",210445
18027,"Daviess, IN",1256279
18029,"Dearborn, IN",1723364
18031,"Decatur, IN",1614745
18033,"DeKalb, IN",2675170
18035,"Delaware, IN",4344450
18037,"Dubois, IN",2799466
18039,"Elkhart, IN",13410875
18041,"Fayette, IN",652810
18043,"Floyd, IN",2927125
18045,"Fountain, IN",575303
18047,"Franklin, IN",543631
18049,"Fulton, IN",695177
18051,"Gibson, IN",3176959
18053,"Grant, IN",4834898
18055,"Greene, IN",681982
18057,"Hamilton, IN",18125906
18059,"Hancock, IN",2460726
18061,"Harrison, IN",1013393
18063,"Hendricks, IN",6703927
18065,"Henry, IN",1271191
18067,"Howard, IN",5973397
18069,"Huntington, IN",1418472
18071,"Jackson, IN",2735150
18073,"Jasper, IN",1444379
18075,"Jay, IN",973934
18077,"Jefferson, IN",1540706
18079,"Jennings, IN",723911
18081,"Johnson, IN",5123431
18083,"Knox, IN",1992759
18085,"Kosciusko, IN",4885991
18087,"Lagrange, IN",1574259
18089,"Lake, IN",24369336
18091,"LaPorte, IN",4399585
18093,"Lawrence, IN",1495281
18095,"Madison, IN",3948161
18097,"Marion, IN",94099662
18099,"Marshall, IN",1752412
18101,"Martin, IN",1116197
18103,"Miami, IN",910996
18105,"Monroe, IN",6910931
18107,"Montgomery, IN",1709912
18109,"Morgan, IN",1752137
18111,"Newton, IN",377822
18113,"Noble, IN",1918960
18115,"Ohio, IN",118752
18117,"Orange, IN",691888
18119,"Owen, IN",512664
18121,"Parke, IN",346682
18123,"Perry, IN",751836
18125,"Pike, IN",747804
18127,"Porter, IN",6981123
18129,"Posey, IN",1632913
18131,"Pulaski, IN",549688
18133,"Putnam, IN",1145331
18135,"Randolph, IN",809491
18137,"Ripley, IN",1348821
18139,"Rush, IN",578423
18141,"St. Joseph, IN",14101010
18143,"Scott, IN",705353
18145,"Shelby, IN",2231506
18147,"Spencer, IN",1239724
18149,"Starke, IN",505102
18151,"Steuben, IN",1518650
18153,"Sullivan, IN",933802
18155,"Switzerland, IN",237260
18157,"Tippecanoe, IN",9435539
18159,"Tipton, IN",709881
18161,"Union, IN",147477
18163,"Vanderburgh, IN",11770103
18165,"Vermillion, IN",863750
18167,"Vigo, IN",5065597
18169,"Wabash, IN",1249307
18171,"Warren, IN",293143
18173,"Warrick, IN",2183347
18175,"Washington, IN",668419
18177,"Wayne, IN",2955637
18179,"Wells, IN",1127240
18181,"White, IN",1008368
18183,"Whitley, IN",1318100
19001,"Adair, IA",366805
19003,"Adams, IA",302514
19005,"Allamakee, IA",567556
19007,"Appanoose, IA",395296
19009,"Audubon, IA",247190
19011,"Benton, IA",826293
19013,"Black Hawk, IA",8103424
19015,"Boone, IA",1063292
19017,"Bremer, IA",1151692
19019,"Buchanan, IA",662552
19021,"Buena Vista, IA",1439325
19023,"Butler, IA",767654
19025,"Calhoun, IA",474118
19027,"Carroll, IA",1397311
19029,"Cass, IA",702713
19031,"Cedar, IA",595921
19033,"Cerro Gordo, IA",2636320
19035,"Cherokee, IA",907758
19037,"Chickasaw, IA",720847
19039,"Clarke, IA",465285
19041,"Clay, IA",999830
19043,"Clayton, IA",857550
19045,"Clinton, IA",2403172
19047,"Crawford, IA",782904
19049,"Dallas, IA",5612389
19051,"Davis, IA",251868
19053,"Decatur, IA",248116
19055,"Delaware, IA",873521
19057,"Des Moines, IA",2471522
19059,"Dickinson, IA",945657
19061,"Dubuque, IA",5838896
19063,"Emmet, IA",386502
19065,"Fayette, IA",741265
19067,"Floyd, IA",697880
19069,"Franklin, IA",661768
19071,"Fremont, IA",270114
19073,"Greene, IA",442155
19075,"Grundy, IA",708453
19077,"Guthrie, IA",485865
19079,"Hamilton, IA",827639
19081,"Hancock, IA",784570
19083,"Hardin, IA",1017338
19085,"Harrison, IA",491062
19087,"Henry, IA",891624
19089,"Howard, IA",432840
19091,"Humboldt, IA",462936
19093,"Ida, IA",480150
19095,"Iowa, IA",875961
19097,"Jackson, IA",635875
19099,"Jasper, IA",1180697
19101,"Jefferson, IA",763686
19103,"Johnson, IA",9588019
19105,"Jones, IA",623865
19107,"Keokuk, IA",336194
19109,"Kossuth, IA",1105511
19111,"Lee, IA",1809726
19113,"Linn, IA",17391972
19115,"Louisa, IA",597503
19117,"Lucas, IA",341799
19119,"Lyon, IA",1033694
19121,"Madison, IA",437702
19123,"Mahaska, IA",932208
19125,"Marion, IA",1799961
19127,"Marshall, IA",1914652
19129,"Mills, IA",563091
19131,"Mitchell, IA",687753
19133,"Monona, IA",364181
19135,"Monroe, IA",464124
19137,"Montgomery, IA",424545
19139,"Muscatine, IA",2559496
19141,"O'Brien, IA",1074912
19143,"Osceola, IA",463611
19145,"Page, IA",595164
19147,"Palo Alto, IA",531882
19149,"Plymouth, IA",1542006
19151,"Pocahontas, IA",500683
19153,"Polk, IA",41424812
19155,"Pottawattamie, IA",5113538
19157,"Poweshiek, IA",1210712
19159,"Ringgold, IA",189244
19161,"Sac, IA",566649
19163,"Scott, IA",9197546
19165,"Shelby, IA",1067513
19167,"Sioux, IA",2639007
19169,"Story, IA",5522969
19171,"Tama, IA",590947
19173,"Taylor, IA",235122
19175,"Union, IA",584247
19177,"Van Buren, IA",247201
19179,"Wapello, IA",1843374
19181,"Warren, IA",1197683
19183,"Washington, IA",1221461
19185,"Wayne, IA",252475
19187,"Webster, IA",2362158
19189,"Winnebago, IA",451503
19191,"Winneshiek, IA",1025241
19193,"Woodbury, IA",5407177
19195,"Worth, IA",398836
19197,"Wright, IA",950255
20001,"Allen, KS",518487
20003,"Anderson, KS",232421
20005,"Atchison, KS",625864
20007,"Barber, KS",212161
20009,"Barton, KS",1283115
20011,"Bourbon, KS",624532
20013,"Brown, KS",474942
20015,"Butler, KS",2699958
20017,"Chase, KS",114453
20019,"Chautauqua, KS",77486
20021,"Cherokee, KS",783705
20023,"Cheyenne, KS",132208
20025,"Clark, KS",221718
20027,"Clay, KS",280226
20029,"Cloud, KS",345281
20031,"Coffey, KS",914633
20033,"Comanche, KS",71225
20035,"Cowley, KS",1320461
20037,"Crawford, KS",1541295
20039,"Decatur, KS",141938
20041,"Dickinson, KS",648851
20043,"Doniphan, KS",231333
20045,"Douglas, KS",5036326
20047,"Edwards, KS",152747
20049,"Elk, KS",93149
20051,"Ellis, KS",1614562
20053,"Ellsworth, KS",252913
20055,"Finney, KS",2117781
20057,"Ford, KS",1854471
20059,"Franklin, KS",899329
20061,"Geary, KS",2844145
20063,"Gove, KS",177245
20065,"Graham, KS",123278
20067,"Grant, KS",490218
20069,"Gray, KS",653805
20071,"Greeley, KS",101096
20073,"Greenwood, KS",166963
20075,"Hamilton, KS",310458
20077,"Harper, KS",280221
20079,"Harvey, KS",1252093
20081,"Haskell, KS",292287
20083,"Hodgeman, KS",84150
20085,"Jackson, KS",362613
20087,"Jefferson, KS",378116
20089,"Jewell, KS",104111
20091,"Johnson, KS",47112594
20093,"Kearny, KS",260192
20095,"Kingman, KS",313042
20097,"Kiowa, KS",157062
20099,"Labette, KS",886045
20101,"Lane, KS",235450
20103,"Leavenworth, KS",2881356
20105,"Lincoln, KS",126410
20107,"Linn, KS",475886
20109,"Logan, KS",143603
20111,"Lyon, KS",1405013
20113,"McPherson, KS",2421094
20115,"Marion, KS",362767
20117,"Marshall, KS",563976
20119,"Meade, KS",307851
20121,"Miami, KS",859921
20123,"Mitchell, KS",416855
20125,"Montgomery, KS",2393493
20127,"Morris, KS",176156
20129,"Morton, KS",145155
20131,"Nemaha, KS",548887
20133,"Neosho, KS",571755
20135,"Ness, KS",217826
20137,"Norton, KS",238549
20139,"Osage, KS",279436
20141,"Osborne, KS",192504
20143,"Ottawa, KS",139177
20145,"Pawnee, KS",271794
20147,"Phillips, KS",327539
20149,"Pottawatomie, KS",1421289
20151,"Pratt, KS",558117
20153,"Rawlins, KS",139548
20155,"Reno, KS",2567126
20157,"Republic, KS",210537
20159,"Rice, KS",435755
20161,"Riley, KS",2813741
20163,"Rooks, KS",233639
20165,"Rush, KS",146178
20167,"Russell, KS",377919
20169,"Saline, KS",3294140
20171,"Scott, KS",494665
20173,"Sedgwick, KS",31985851
20175,"Seward, KS",1397468
20177,"Shawnee, KS",10156218
20179,"Sheridan, KS",130144
20181,"Sherman, KS",299062
20183,"Smith, KS",167162
20185,"Stafford, KS",137882
20187,"Stanton, KS",148705
20189,"Stevens, KS",260806
20191,"Sumner, KS",760664
20193,"Thomas, KS",448458
20195,"Trego, KS",198160
20197,"Wabaunsee, KS",145385
20199,"Wallace, KS",128234
20201,"Washington, KS",220549
20203,"Wichita, KS",231196
20205,"Wilson, KS",376055
20207,"Woodson, KS",82614
20209,"Wyandotte, KS",10781006
21001,"Adair, KY",372239
21003,"Allen, KY",466577
21005,"Anderson, KY",489229
21007,"Ballard, KY",259232
21009,"Barren, KY",1534841
21011,"Bath, KY",177335
21013,"Bell, KY",724868
21015,"Boone, KY",9160229
21017,"Bourbon, KY",776810
21019,"Boyd, KY",4219116
21021,"Boyle, KY",1316563
21023,"Bracken, KY",156066
21025,"Breathitt, KY",251339
21027,"Breckinridge, KY",379725
21029,"Bullitt, KY",2510791
21031,"Butler, KY",378202
21033,"Caldwell, KY",390575
21035,"Calloway, KY",1415506
21037,"Campbell, KY",3231165
21039,"Carlisle, KY",159759
21041,"Carroll, KY",1634390
21043,"Carter, KY",461427
21045,"Casey, KY",331728
21047,"Christian, KY",5908901
21049,"Clark, KY",1394044
21051,"Clay, KY",375799
21053,"Clinton, KY",297690
21055,"Crittenden, KY",201889
21057,"Cumberland, KY",176761
21059,"Daviess, KY",4615755
21061,"Edmonson, KY",168746
21063,"Elliott, KY",82142
21065,"Estill, KY",216745
21067,"Fayette, KY",21172777
21069,"Fleming, KY",306368
21071,"Floyd, KY",1129695
21073,"Franklin, KY",3697709
21075,"Fulton, KY",210570
21077,"Gallatin, KY",370637
21079,"Garrard, KY",237037
21081,"Grant, KY",536134
21083,"Graves, KY",1199395
21085,"Grayson, KY",742161
21087,"Green, KY",171919
21089,"Greenup, KY",831766
21091,"Hancock, KY",869467
21093,"Hardin, KY",5354568
21095,"Harlan, KY",603464
21097,"Harrison, KY",522115
21099,"Hart, KY",567547
21101,"Henderson, KY",2109166
21103,"Henry, KY",400582
21105,"Hickman, KY",185239
21107,"Hopkins, KY",1612323
21109,"Jackson, KY",174020
21111,"Jefferson, KY",56037562
21113,"Jessamine, KY",1692983
21115,"Johnson, KY",454920
21117,"Kenton, KY",7941388
21119,"Knott, KY",219563
21121,"Knox, KY",649294
21123,"Larue, KY",228418
21125,"Laurel, KY",2235644
21127,"Lawrence, KY",354518
21129,"Lee, KY",143526
21131,"Leslie, KY",169842
21133,"Letcher, KY",396266
21135,"Lewis, KY",195093
21137,"Lincoln, KY",457030
21139,"Livingston, KY",305583
21141,"Logan, KY",1235745
21143,"Lyon, KY",219106
21145,"McCracken, KY",4252440
21147,"McCreary, KY",258621
21149,"McLean, KY",308019
21151,"Madison, KY",2983016
21153,"Magoffin, KY",153264
21155,"Marion, KY",807804
21157,"Marshall, KY",1322801
21159,"Martin, KY",299303
21161,"Mason, KY",1108753
21163,"Meade, KY",478751
21165,"Menifee, KY",90446
21167,"Mercer, KY",1031292
21169,"Metcalfe, KY",211954
21171,"Monroe, KY",308458
21173,"Montgomery, KY",1009023
21175,"Morgan, KY",265921
21177,"Muhlenberg, KY",1360929
21179,"Nelson, KY",1783571
21181,"Nicholas, KY",88671
21183,"Ohio, KY",904372
21185,"Oldham, KY",1709722
21187,"Owen, KY",184053
21189,"Owsley, KY",59651
21191,"Pendleton, KY",272780
21193,"Perry, KY",1005580
21195,"Pike, KY",2824132
21197,"Powell, KY",224735
21199,"Pulaski, KY",2318972
21201,"Robertson, KY",29471
21203,"Rockcastle, KY",304320
21205,"Rowan, KY",760599
21207,"Russell, KY",626982
21209,"Scott, KY",2747450
21211,"Shelby, KY",1594755
21213,"Simpson, KY",920353
21215,"Spencer, KY",222922
21217,"Taylor, KY",898142
21219,"Todd, KY",338853
21221,"Trigg, KY",302467
21223,"Trimble, KY",516637
21225,"Union, KY",584652
21227,"Warren, KY",6101091
21229,"Washington, KY",337186
21231,"Wayne, KY",415924
21233,"Webster, KY",595390
21235,"Whitley, KY",1832987
21237,"Wolfe, KY",103966
21239,"Woodford, KY",1049008
22001,"Acadia, LA",1751382
22003,"Allen, LA",722704
22005,"Ascension, LA",9193915
22007,"Assumption, LA",503078
22009,"Avoyelles, LA",938113
22011,"Beauregard, LA",1020089
22013,"Bienville, LA",733765
22015,"Bossier, LA",6236360
22017,"Caddo, LA",14385381
22019,"Calcasieu, LA",15721891
22021,"Caldwell, LA",207900
22023,"Cameron, LA",2069673
22025,"Catahoula, LA",207934
22027,"Claiborne, LA",490749
22029,"Concordia, LA",613850
22031,"De Soto, LA",3142387
22033,"East Baton Rouge, LA",36000455
22035,"East Carroll, LA",192152
22037,"East Feliciana, LA",504305
22039,"Evangeline, LA",930390
22041,"Franklin, LA",505445
22043,"Grant, LA",387496
22045,"Iberia, LA",3301206
22047,"Iberville, LA",2379350
22049,"Jackson, LA",476245
22051,"Jefferson, LA",24393551
22053,"Jefferson Davis, LA",937218
22055,"Lafayette, LA",14650963
22057,"Lafourche, LA",4394848
22059,"LaSalle, LA",464683
22061,"Lincoln, LA",1974125
22063,"Livingston, LA",2646407
22065,"Madison, LA",453693
22067,"Morehouse, LA",621106
22069,"Natchitoches, LA",1527340
22071,"Orleans, LA",26133518
22073,"Ouachita, LA",8069207
22075,"Plaquemines, LA",3185178
22077,"Pointe Coupee, LA",777837
22079,"Rapides, LA",6032901
22081,"Red River, LA",990372
22083,"Richland, LA",555725
22085,"Sabine, LA",771418
22087,"St. Bernard, LA",1422112
22089,"St. Charles, LA",9860844
22091,"St. Helena, LA",160368
22093,"St. James, LA",3065384
22095,"St. John the Baptist, LA",2202482
22097,"St. Landry, LA",2780535
22099,"St. Martin, LA",1563900
22101,"St. Mary, LA",2774087
22103,"St. Tammany, LA",10024328
22105,"Tangipahoa, LA",4268647
22107,"Tensas, LA",123964
22109,"Terrebonne, LA",6010442
22111,"Union, LA",660878
22113,"Vermilion, LA",1728883
22115,"Vernon, LA",2066324
22117,"Washington, LA",1220796
22119,"Webster, LA",1238601
22121,"West Baton Rouge, LA",3229772
22123,"West Carroll, LA",267819
22125,"West Feliciana, LA",920345
22127,"Winn, LA",500962
23001,"Androscoggin, ME",4792086
23003,"Aroostook, ME",2686024
23005,"Cumberland, ME",21736290
23007,"Franklin, ME",1128156
23009,"Hancock, ME",2518494
23011,"Kennebec, ME",5677229
23013,"Knox, ME",1781994
23015,"Lincoln, ME",1187211
23017,"Oxford, ME",1792841
23019,"Penobscot, ME",6785566
23021,"Piscataquis, ME",610886
23023,"Sagadahoc, ME",1615928
23025,"Somerset, ME",1842841
23027,"Waldo, ME",1156472
23029,"Washington, ME",1121541
23031,"York, ME",8422462
24001,"Allegany, MD",3199879
24003,"Anne Arundel, MD",50181212
24005,"Baltimore, MD",55028735
24009,"Calvert, MD",4739242
24011,"Caroline, MD",1284618
24013,"Carroll, MD",6584698
24015,"Cecil, MD",4756153
24017,"Charles, MD",6032279
24019,"Dorchester, MD",1413120
24021,"Frederick, MD",14105692
24023,"Garrett, MD",1371388
24025,"Harford, MD",13290305
24027,"Howard, MD",26163100
24029,"Kent, MD",942572
24031,"Montgomery, MD",95064444
24033,"Prince George's, MD",47181860
24035,"Queen Anne's, MD",1872222
24037,"St. Mary's, MD",7362024
24039,"Somerset, MD",968922
24041,"Talbot, MD",2264791
24043,"Washington, MD",8000383
24045,"Wicomico, MD",5445827
24047,"Worcester, MD",3137115
24510,"Baltimore (Independent City), MD",52193665
25001,"Barnstable, MA",14344348
25003,"Berkshire, MA",7675980
25005,"Bristol, MA",26827307
25007,"Dukes, MA",2038421
25009,"Essex, MA",48278445
25011,"Franklin, MA",3139629
25013,"Hampden, MA",23775963
25015,"Hampshire, MA",7790962
25017,"Middlesex, MA",171126579
25019,"Nantucket, MA",2066795
25021,"Norfolk, MA",56828640
25023,"Plymouth, MA",27074970
25025,"Suffolk, MA",132808105
25027,"Worcester, MA",45711885
26001,"Alcona, MI",260024
26003,"Alger, MI",293380
26005,"Allegan, MI",4990944
26007,"Alpena, MI",1159691
26009,"Antrim, MI",624674
26011,"Arenac, MI",458434
26013,"Baraga, MI",297543
26015,"Barry, MI",1540785
26017,"Bay, MI",3859251
26019,"Benzie, MI",446060
26021,"Berrien, MI",7741909
26023,"Branch, MI",1455257
26025,"Calhoun, MI",6444581
26027,"Cass, MI",1149611
26029,"Charlevoix, MI",1224572
26031,"Cheboygan, MI",674663
26033,"Chippewa, MI",1229861
26035,"Clare, MI",983023
26037,"Clinton, MI",1962704
26039,"Crawford, MI",510803
26041,"Delta, MI",1336909
26043,"Dickinson, MI",1453870
26045,"Eaton, MI",4836999
26047,"Emmet, MI",1764178
26049,"Genesee, MI",14993766
26051,"Gladwin, MI",529124
26053,"Gogebic, MI",533170
26055,"Grand Traverse, MI",5213870
26057,"Gratiot, MI",1446283
26059,"Hillsdale, MI",1648242
26061,"Houghton, MI",1264078
26063,"Huron, MI",1395753
26065,"Ingham, MI",16422721
26067,"Ionia, MI",1640755
26069,"Iosco, MI",817352
26071,"Iron, MI",368448
26073,"Isabella, MI",2583490
26075,"Jackson, MI",6369746
26077,"Kalamazoo, MI",14181921
26079,"Kalkaska, MI",598102
26081,"Kent, MI",43492939
26083,"Keweenaw, MI",69390
26085,"Lake, MI",240080
26087,"Lapeer, MI",2260625
26089,"Leelanau, MI",725440
26091,"Lenawee, MI",3042078
26093,"Livingston, MI",7040015
26095,"Luce, MI",201825
26097,"Mackinac, MI",676298
26099,"Macomb, MI",40943060
26101,"Manistee, MI",791774
26103,"Marquette, MI",3271060
26105,"Mason, MI",1132577
26107,"Mecosta, MI",1326809
26109,"Menominee, MI",766701
26111,"Midland, MI",5514760
26113,"Missaukee, MI",380293
26115,"Monroe, MI",6384733
26117,"Montcalm, MI",1758389
26119,"Montmorency, MI",294270
26121,"Muskegon, MI",6554093
26123,"Newaygo, MI",1424804
26125,"Oakland, MI",112604207
26127,"Oceana, MI",806103
26129,"Ogemaw, MI",618410
26131,"Ontonagon, MI",160494
26133,"Osceola, MI",754134
26135,"Oscoda, MI",234153
26137,"Otsego, MI",1016668
26139,"Ottawa, MI",14723009
26141,"Presque Isle, MI",432779
26143,"Roscommon, MI",661894
26145,"Saginaw, MI",9155949
26147,"St. Clair, MI",5813217
26149,"St. Joseph, MI",2135983
26151,"Sanilac, MI",1239060
26153,"Schoolcraft, MI",346393
26155,"Shiawassee, MI",1886829
26157,"Tuscola, MI",1423947
26159,"Van Buren, MI",3004368
26161,"Washtenaw, MI",24661984
26163,"Wayne, MI",99069943
26165,"Wexford, MI",1347718
27001,"Aitkin, MN",497312
27003,"Anoka, MN",15380653
27005,"Becker, MN",1430349
27007,"Beltrami, MN",1837028
27009,"Benton, MN",1725974
27011,"Big Stone, MN",265518
27013,"Blue Earth, MN",4340014
27015,"Brown, MN",1441217
27017,"Carlton, MN",1322843
27019,"Carver, MN",5425604
27021,"Cass, MN",1030365
27023,"Chippewa, MN",621778
27025,"Chisago, MN",1615818
27027,"Clay, MN",2078587
27029,"Clearwater, MN",311877
27031,"Cook, MN",290595
27033,"Cottonwood, MN",712254
27035,"Crow Wing, MN",2857627
27037,"Dakota, MN",27833647
27039,"Dodge, MN",769079
27041,"Douglas, MN",2042132
27043,"Faribault, MN",554869
27045,"Fillmore, MN",663742
27047,"Freeborn, MN",1286215
27049,"Goodhue, MN",3016029
27051,"Grant, MN",329817
27053,"Hennepin, MN",137015472
27055,"Houston, MN",570105
27057,"Hubbard, MN",762328
27059,"Isanti, MN",1236114
27061,"Itasca, MN",2324749
27063,"Jackson, MN",687809
27065,"Kanabec, MN",437839
27067,"Kandiyohi, MN",2750481
27069,"Kittson, MN",279567
27071,"Koochiching, MN",550425
27073,"Lac qui Parle, MN",360525
27075,"Lake, MN",708704
27077,"Lake of the Woods, MN",212555
27079,"Le Sueur, MN",1002038
27081,"Lincoln, MN",359265
27083,"Lyon, MN",1506556
27085,"McLeod, MN",1948223
27087,"Mahnomen, MN",195310
27089,"Marshall, MN",407540
27091,"Martin, MN",1057327
27093,"Meeker, MN",874704
27095,"Mille Lacs, MN",868672
27097,"Morrison, MN",1215508
27099,"Mower, MN",2104671
27101,"Murray, MN",558780
27103,"Nicollet, MN",1569956
27105,"Nobles, MN",1311500
27107,"Norman, MN",279954
27109,"Olmsted, MN",11590720
27111,"Otter Tail, MN",2485768
27113,"Pennington, MN",1279101
27115,"Pine, MN",738049
27117,"Pipestone, MN",720106
27119,"Polk, MN",1519537
27121,"Pope, MN",616618
27123,"Ramsey, MN",43485967
27125,"Red Lake, MN",220263
27127,"Redwood, MN",838365
27129,"Renville, MN",720155
27131,"Rice, MN",2602833
27133,"Rock, MN",656257
27135,"Roseau, MN",1381719
27137,"St. Louis, MN",11707027
27139,"Scott, MN",6196604
27141,"Sherburne, MN",3635088
27143,"Sibley, MN",451934
27145,"Stearns, MN",8854903
27147,"Steele, MN",2439192
27149,"Stevens, MN",648931
27151,"Swift, MN",540316
27153,"Todd, MN",860695
27155,"Traverse, MN",246155
27157,"Wabasha, MN",721790
27159,"Wadena, MN",541361
27161,"Waseca, MN",851828
27163,"Washington, MN",10780297
27165,"Watonwan, MN",443556
27167,"Wilkin, MN",366602
27169,"Winona, MN",2701481
27171,"Wright, MN",4571642
27173,"Yellow Medicine, MN",599903
28001,"Adams, MS",977457
28003,"Alcorn, MS",1297723
28005,"Amite, MS",212452
28007,"Attala, MS",512611
28009,"Benton, MS",364730
28011,"Bolivar, MS",1102877
28013,"Calhoun, MS",327946
28015,"Carroll, MS",138997
28017,"Chickasaw, MS",496317
28019,"Choctaw, MS",774540
28021,"Claiborne, MS",674451
28023,"Clarke, MS",292231
28025,"Clay, MS",561430
28027,"Coahoma, MS",689072
28029,"Copiah, MS",678188
28031,"Covington, MS",562003
28033,"DeSoto, MS",5660020
28035,"Forrest, MS",4053057
28037,"Franklin, MS",178741
28039,"George, MS",450269
28041,"Greene, MS",172421
28043,"Grenada, MS",875660
28045,"Hancock, MS",1769168
28047,"Harrison, MS",9003898
28049,"Hinds, MS",12705708
28051,"Holmes, MS",301926
28053,"Humphreys, MS",178980
28055,"Issaquena, MS",20620
28057,"Itawamba, MS",550582
28059,"Jackson, MS",8198108
28061,"Jasper, MS",534860
28063,"Jefferson, MS",118542
28065,"Jefferson Davis, MS",185126
28067,"Jones, MS",2789355
28069,"Kemper, MS",429380
28071,"Lafayette, MS",2136099
28073,"Lamar, MS",1713741
28075,"Lauderdale, MS",3073969
28077,"Lawrence, MS",340758
28079,"Leake, MS",522795
28081,"Lee, MS",4784744
28083,"Leflore, MS",1220444
28085,"Lincoln, MS",1086974
28087,"Lowndes, MS",3107822
28089,"Madison, MS",6573798
28091,"Marion, MS",755210
28093,"Marshall, MS",657319
28095,"Monroe, MS",932294
28097,"Montgomery, MS",207736
28099,"Neshoba, MS",1021384
28101,"Newton, MS",482550
28103,"Noxubee, MS",253265
28105,"Oktibbeha, MS",1762236
28107,"Panola, MS",1158800
28109,"Pearl River, MS",1100530
28111,"Perry, MS",290643
28113,"Pike, MS",1199955
28115,"Pontotoc, MS",953063
28117,"Prentiss, MS",596068
28119,"Quitman, MS",111976
28121,"Rankin, MS",6836858
28123,"Scott, MS",1142696
28125,"Sharkey, MS",96980
28127,"Simpson, MS",630589
28129,"Smith, MS",458369
28131,"Stone, MS",385751
28133,"Sunflower, MS",683514
28135,"Tallahatchie, MS",250618
28137,"Tate, MS",525767
28139,"Tippah, MS",551460
28141,"Tishomingo, MS",505749
28143,"Tunica, MS",996325
28145,"Union, MS",1072162
28147,"Walthall, MS",269546
28149,"Warren, MS",2327859
28151,"Washington, MS",1650910
28153,"Wayne, MS",660175
28155,"Webster, MS",173829
28157,"Wilkinson, MS",169534
28159,"Winston, MS",529683
28161,"Yalobusha, MS",324126
28163,"Yazoo, MS",708059
29001,"Adair, MO",863728
29003,"Andrew, MO",318311
29005,"Atchison, MO",277298
29007,"Audrain, MO",1012363
29009,"Barry, MO",1363419
29011,"Barton, MO",374576
29013,"Bates, MO",452839
29015,"Benton, MO",400935
29017,"Bollinger, MO",211337
29019,"Boone, MO",9209748
29021,"Buchanan, MO",4863732
29023,"Butler, MO",1553976
29025,"Caldwell, MO",248913
29027,"Callaway, MO",1826106
29029,"Camden, MO",1510076
29031,"Cape Girardeau, MO",4087776
29033,"Carroll, MO",313770
29035,"Carter, MO",139272
29037,"Cass, MO",2835816
29039,"Cedar, MO",297739
29041,"Chariton, MO",231990
29043,"Christian, MO",1602272
29045,"Clark, MO",155452
29047,"Clay, MO",11146685
29049,"Clinton, MO",393029
29051,"Cole, MO",4815975
29053,"Cooper, MO",525305
29055,"Crawford, MO",645903
29057,"Dade, MO",182029
29059,"Dallas, MO",300454
29061,"Daviess, MO",193664
29063,"DeKalb, MO",353588
29065,"Dent, MO",349965
29067,"Douglas, MO",681053
29069,"Dunklin, MO",819275
29071,"Franklin, MO",4540205
29073,"Gasconade, MO",456662
29075,"Gentry, MO",223440
29077,"Greene, MO",16857130
29079,"Grundy, MO",501956
29081,"Harrison, MO",301026
29083,"Henry, MO",778399
29085,"Hickory, MO",144257
29087,"Holt, MO",173805
29089,"Howard, MO",257781
29091,"Howell, MO",1267179
29093,"Iron, MO",421421
29095,"Jackson, MO",47496821
29097,"Jasper, MO",5865983
29099,"Jefferson, MO",5438654
29101,"Johnson, MO",1775134
29103,"Knox, MO",119446
29105,"Laclede, MO",1181386
29107,"Lafayette, MO",836468
29109,"Lawrence, MO",905234
29111,"Lewis, MO",244246
29113,"Lincoln, MO",1168244
29115,"Linn, MO",448306
29117,"Livingston, MO",621395
29119,"McDonald, MO",597423
29121,"Macon, MO",594700
29123,"Madison, MO",298110
29125,"Maries, MO",159272
29127,"Marion, MO",1181503
29129,"Mercer, MO",99931
29131,"Miller, MO",960399
29133,"Mississippi, MO",394545
29135,"Moniteau, MO",439489
29137,"Monroe, MO",270965
29139,"Montgomery, MO",327165
29141,"Morgan, MO",469359
29143,"New Madrid, MO",1197359
29145,"Newton, MO",1881154
29147,"Nodaway, MO",801973
29149,"Oregon, MO",228169
29151,"Osage, MO",437718
29153,"Ozark, MO",169778
29155,"Pemiscot, MO",471189
29157,"Perry, MO",966725
29159,"Pettis, MO",1718172
29161,"Phelps, MO",1679778
29163,"Pike, MO",531093
29165,"Platte, MO",6716221
29167,"Polk, MO",779198
29169,"Pulaski, MO",2286913
29171,"Putnam, MO",128038
29173,"Ralls, MO",386389
29175,"Randolph, MO",1306691
29177,"Ray, MO",466143
29179,"Reynolds, MO",232054
29181,"Ripley, MO",233393
29183,"St. Charles, MO",16358322
29185,"St. Clair, MO",167482
29186,"Ste. Genevieve, MO",708652
29187,"St. Francois, MO",2339435
29189,"St. Louis, MO",79627801
29195,"Saline, MO",986582
29197,"Schuyler, MO",80535
29199,"Scotland, MO",133011
29201,"Scott, MO",1573621
29203,"Shannon, MO",139683
29205,"Shelby, MO",175282
29207,"Stoddard, MO",1258879
29209,"Stone, MO",665814
29211,"Sullivan, MO",239639
29213,"Taney, MO",2417968
29215,"Texas, MO",486943
29217,"Vernon, MO",961986
29219,"Warren, MO",1082653
29221,"Washington, MO",408054
29223,"Wayne, MO",244420
29225,"Webster, MO",756505
29227,"Worth, MO",65222
29229,"Wright, MO",417381
29510,"St. Louis (Independent City), MO",32631130
30001,"Beaverhead, MT",381723
30003,"Big Horn, MT",1021969
30005,"Blaine, MT",190260
30007,"Broadwater, MT",134668
30009,"Carbon, MT",285963
30011,"Carter, MT",62396
30013,"Cascade, MT",4209418
30015,"Chouteau, MT",223318
30017,"Custer, MT",494263
30019,"Daniels, MT",87145
30021,"Dawson, MT",452382
30023,"Deer Lodge, MT",296447
30025,"Fallon, MT",207348
30027,"Fergus, MT",447537
30029,"Flathead, MT",4285658
30031,"Gallatin, MT",5822537
30033,"Garfield, MT",46516
30035,"Glacier, MT",446429
30037,"Golden Valley, MT",26968
30039,"Granite, MT",93194
30041,"Hill, MT",776279
30043,"Jefferson, MT",275127
30045,"Judith Basin, MT",141292
30047,"Lake, MT",812037
30049,"Lewis and Clark, MT",3473811
30051,"Liberty, MT",149607
30053,"Lincoln, MT",558777
30055,"McCone, MT",100281
30057,"Madison, MT",418941
30059,"Meagher, MT",73951
30061,"Mineral, MT",101427
30063,"Missoula, MT",5694748
30065,"Musselshell, MT",302308
30067,"Park, MT",590679
30069,"Petroleum, MT",17521
30071,"Phillips, MT",132874
30073,"Pondera, MT",183303
30075,"Powder River, MT",92693
30077,"Powell, MT",217940
30079,"Prairie, MT",38540
30081,"Ravalli, MT",1115028
30083,"Richland, MT",936289
30085,"Roosevelt, MT",438230
30087,"Rosebud, MT",853575
30089,"Sanders, MT",340848
30091,"Sheridan, MT",213459
30093,"Silver Bow, MT",1541022
30095,"Stillwater, MT",590515
30097,"Sweet Grass, MT",242070
30099,"Teton, MT",251517
30101,"Toole, MT",285678
30103,"Treasure, MT",98441
30105,"Valley, MT",323715
30107,"Wheatland, MT",93518
30109,"Wibaux, MT",69638
30111,"Yellowstone, MT",9564773
31001,"Adams, NE",1831218
31003,"Antelope, NE",387649
31005,"Arthur, NE",26433
31007,"Banner, NE",54798
31009,"Blaine, NE",18941
31011,"Boone, NE",424041
31013,"Box Butte, NE",614999
31015,"Boyd, NE",152047
31017,"Brown, NE",206823
31019,"Buffalo, NE",2850958
31021,"Burt, NE",373451
31023,"Butler, NE",287122
31025,"Cass, NE",929454
31027,"Cedar, NE",524489
31029,"Chase, NE",233627
31031,"Cherry, NE",284010
31033,"Cheyenne, NE",601150
31035,"Clay, NE",310940
31037,"Colfax, NE",669603
31039,"Cuming, NE",730015
31041,"Custer, NE",594084
31043,"Dakota, NE",1462634
31045,"Dawes, NE",306089
31047,"Dawson, NE",1440540
31049,"Deuel, NE",84228
31051,"Dixon, NE",266809
31053,"Dodge, NE",2050077
31055,"Douglas, NE",45906741
31057,"Dundy, NE",123712
31059,"Fillmore, NE",340026
31061,"Franklin, NE",81520
31063,"Frontier, NE",136114
31065,"Furnas, NE",261563
31067,"Gage, NE",1139255
31069,"Garden, NE",63921
31071,"Garfield, NE",102401
31073,"Gosper, NE",107813
31075,"Grant, NE",31345
31077,"Greeley, NE",86501
31079,"Hall, NE",3670275
31081,"Hamilton, NE",536430
31083,"Harlan, NE",181004
31085,"Hayes, NE",33841
31087,"Hitchcock, NE",153454
31089,"Holt, NE",712349
31091,"Hooker, NE",46634
31093,"Howard, NE",172727
31095,"Jefferson, NE",1038578
31097,"Johnson, NE",243780
31099,"Kearney, NE",380350
31101,"Keith, NE",373341
31103,"Keya Paha, NE",59545
31105,"Kimball, NE",200307
31107,"Knox, NE",445967
31109,"Lancaster, NE",18671352
31111,"Lincoln, NE",2374018
31113,"Logan, NE",31943
31115,"Loup, NE",28451
31117,"McPherson, NE",27616
31119,"Madison, NE",2529231
31121,"Merrick, NE",380944
31123,"Morrill, NE",533766
31125,"Nance, NE",144393
31127,"Nemaha, NE",771409
31129,"Nuckolls, NE",286290
31131,"Otoe, NE",1531340
31133,"Pawnee, NE",171896
31135,"Perkins, NE",235688
31137,"Phelps, NE",835244
31139,"Pierce, NE",353636
31141,"Platte, NE",2715392
31143,"Polk, NE",274835
31145,"Red Willow, NE",560745
31147,"Richardson, NE",331144
31149,"Rock, NE",67775
31151,"Saline, NE",938703
31153,"Sarpy, NE",7834529
31155,"Saunders, NE",732026
31157,"Scotts Bluff, NE",1655591
31159,"Seward, NE",739357
31161,"Sheridan, NE",231206
31163,"Sherman, NE",129549
31165,"Sioux, NE",52354
31167,"Stanton, NE",322628
31169,"Thayer, NE",473566
31171,"Thomas, NE",46654
31173,"Thurston, NE",501677
31175,"Valley, NE",233892
31177,"Washington, NE",1189897
31179,"Wayne, NE",472787
31181,"Webster, NE",237855
31183,"Wheeler, NE",146620
31185,"York, NE",836167
32001,"Churchill, NV",1173864
32003,"Clark, NV",122423873
32005,"Douglas, NV",2614878
32007,"Elko, NV",2826821
32009,"Esmeralda, NV",85571
32011,"Eureka, NV",1484004
32013,"Humboldt, NV",1238200
32015,"Lander, NV",867683
32017,"Lincoln, NV",201476
32019,"Lyon, NV",1584173
32021,"Mineral, NV",249118
32023,"Nye, NV",1673557
32027,"Pershing, NV",346692
32029,"Storey, NV",1677952
32031,"Washoe, NV",26477845
32033,"White Pine, NV",722440
32510,"Carson City (Independent City), NV",3661749
33001,"Belknap, NH",3006726
33003,"Carroll, NH",2335912
33005,"Cheshire, NH",3773901
33007,"Coos, NH",1310991
33009,"Grafton, NH",6748078
33011,"Hillsborough, NH",28160159
33013,"Merrimack, NH",9959395
33015,"Rockingham, NH",21071476
33017,"Strafford, NH",6382341
33019,"Sullivan, NH",1714886
34001,"Atlantic, NJ",14706662
34003,"Bergen, NJ",73548321
34005,"Burlington, NJ",28244160
34007,"Camden, NJ",26630107
34009,"Cape May, NJ",5569716
34011,"Cumberland, NJ",6823510
34013,"Essex, NJ",59018323
34015,"Gloucester, NJ",15758220
34017,"Hudson, NJ",51575916
34019,"Hunterdon, NJ",7590001
34021,"Mercer, NJ",32093898
34023,"Middlesex, NJ",64687010
34025,"Monmouth, NJ",35826474
34027,"Morris, NJ",58515215
34029,"Ocean, NJ",21516075
34031,"Passaic, NJ",23600289
34033,"Salem, NJ",5730068
34035,"Somerset, NJ",40778240
34037,"Sussex, NJ",5052520
34039,"Union, NJ",40055247
34041,"Warren, NJ",4682836
35001,"Bernalillo, NM",37865783
35003,"Catron, NM",84094
35005,"Chaves, NM",2099949
35006,"Cibola, NM",683956
35007,"Colfax, NM",442675
35009,"Curry, NM",3173812
35011,"De Baca, NM",54801
35013,"Doa Ana, NM",7516342
35015,"Eddy, NM",7354225
35017,"Grant, NM",1204979
35019,"Guadalupe, NM",138801
35021,"Harding, NM",77483
35023,"Hidalgo, NM",206777
35025,"Lea, NM",7505999
35027,"Lincoln, NM",680055
35028,"Los Alamos, NM",2348290
35029,"Luna, NM",846225
35031,"McKinley, NM",2671053
35033,"Mora, NM",84182
35035,"Otero, NM",2858450
35037,"Quay, NM",312748
35039,"Rio Arriba, NM",1198329
35041,"Roosevelt, NM",661710
35043,"Sandoval, NM",3226655
35045,"San Juan, NM",5833607
35047,"San Miguel, NM",680396
35049,"Santa Fe, NM",6685324
35051,"Sierra, NM",311272
35053,"Socorro, NM",519956
35055,"Taos, NM",980375
35057,"Torrance, NM",364554
35059,"Union, NM",184718
35061,"Valencia, NM",1439258
36001,"Albany, NY",31707107
36003,"Allegany, NY",1487233
36005,"Bronx, NY",49347608
36007,"Broome, NY",10014469
36009,"Cattaraugus, NY",3025444
36011,"Cayuga, NY",2754910
36013,"Chautauqua, NY",5366957
36015,"Chemung, NY",4038894
36017,"Chenango, NY",2222326
36019,"Clinton, NY",3974221
36021,"Columbia, NY",2550492
36023,"Cortland, NY",1997449
36025,"Delaware, NY",1940909
36027,"Dutchess, NY",14038485
36029,"Erie, NY",58987645
36031,"Essex, NY",1652939
36033,"Franklin, NY",1927401
36035,"Fulton, NY",1907501
36037,"Genesee, NY",2434399
36039,"Greene, NY",2360207
36041,"Hamilton, NY",281756
36043,"Herkimer, NY",1986427
36045,"Jefferson, NY",6646570
36047,"Kings, NY",105937975
36049,"Lewis, NY",1009041
36051,"Livingston, NY",2282120
36053,"Madison, NY",2359069
36055,"Monroe, NY",49392931
36057,"Montgomery, NY",2002191
36059,"Nassau, NY",93325206
36061,"New York, NY",711974400
36063,"Niagara, NY",10002259
36065,"Oneida, NY",11399941
36067,"Onondaga, NY",32115607
36069,"Ontario, NY",6128058
36071,"Orange, NY",17471690
36073,"Orleans, NY",1400686
36075,"Oswego, NY",6882274
36077,"Otsego, NY",2575680
36079,"Putnam, NY",3510354
36081,"Queens, NY",108755409
36083,"Rensselaer, NY",6965432
36085,"Richmond, NY",17002204
36087,"Rockland, NY",21469873
36089,"St. Lawrence, NY",4875219
36091,"Saratoga, NY",11564651
36093,"Schenectady, NY",8365412
36095,"Schoharie, NY",1054730
36097,"Schuyler, NY",596548
36099,"Seneca, NY",1407313
36101,"Steuben, NY",5843719
36103,"Suffolk, NY",92983255
36105,"Sullivan, NY",3019469
36107,"Tioga, NY",1936678
36109,"Tompkins, NY",6230181
36111,"Ulster, NY",7171697
36113,"Warren, NY",4166228
36115,"Washington, NY",1887063
36117,"Wayne, NY",3767740
36119,"Westchester, NY",84822522
36121,"Wyoming, NY",1661533
36123,"Yates, NY",898491
37001,"Alamance, NC",6048273
37003,"Alexander, NC",899005
37005,"Alleghany, NC",480870
37007,"Anson, NC",800365
37009,"Ashe, NC",796238
37011,"Avery, NC",641175
37013,"Beaufort, NC",1682892
37015,"Bertie, NC",641752
37017,"Bladen, NC",1600571
37019,"Brunswick, NC",4175010
37021,"Buncombe, NC",13298047
37023,"Burke, NC",2933231
37025,"Cabarrus, NC",7277356
37027,"Caldwell, NC",2662127
37029,"Camden, NC",168632
37031,"Carteret, NC",2397145
37033,"Caswell, NC",455300
37035,"Catawba, NC",9195182
37037,"Chatham, NC",1584337
37039,"Cherokee, NC",788390
37041,"Chowan, NC",541280
37043,"Clay, NC",221269
37045,"Cleveland, NC",4098073
37047,"Columbus, NC",1510123
37049,"Craven, NC",4912535
37051,"Cumberland, NC",18332718
37053,"Currituck, NC",729263
37055,"Dare, NC",2079296
37057,"Davidson, NC",5350730
37059,"Davie, NC",1321780
37061,"Duplin, NC",2176102
37063,"Durham, NC",40416632
37065,"Edgecombe, NC",1652177
37067,"Forsyth, NC",25050740
37069,"Franklin, NC",1445044
37071,"Gaston, NC",7735591
37073,"Gates, NC",170457
37075,"Graham, NC",271472
37077,"Granville, NC",2370049
37079,"Greene, NC",491609
37081,"Guilford, NC",35359094
37083,"Halifax, NC",1601303
37085,"Harnett, NC",2465729
37087,"Haywood, NC",1798510
37089,"Henderson, NC",4810596
37091,"Hertford, NC",847067
37093,"Hoke, NC",958053
37095,"Hyde, NC",252124
37097,"Iredell, NC",8250767
37099,"Jackson, NC",1490184
37101,"Johnston, NC",5241124
37103,"Jones, NC",183145
37105,"Lee, NC",3653761
37107,"Lenoir, NC",2882981
37109,"Lincoln, NC",2408450
37111,"McDowell, NC",1506742
37113,"Macon, NC",1161919
37115,"Madison, NC",425088
37117,"Martin, NC",699552
37119,"Mecklenburg, NC",114507946
37121,"Mitchell, NC",511774
37123,"Montgomery, NC",977794
37125,"Moore, NC",3613229
37127,"Nash, NC",8792973
37129,"New Hanover, NC",13962266
37131,"Northampton, NC",558478
37133,"Onslow, NC",9116657
37135,"Orange, NC",8839260
37137,"Pamlico, NC",306410
37139,"Pasquotank, NC",1605087
37141,"Pender, NC",1263061
37143,"Perquimans, NC",266541
37145,"Person, NC",1476806
37147,"Pitt, NC",8838349
37149,"Polk, NC",521971
37151,"Randolph, NC",4442390
37153,"Richmond, NC",2046278
37155,"Robeson, NC",3490189
37157,"Rockingham, NC",3353242
37159,"Rowan, NC",5490100
37161,"Rutherford, NC",1858481
37163,"Sampson, NC",2057333
37165,"Scotland, NC",1113542
37167,"Stanly, NC",1984883
37169,"Stokes, NC",1124833
37171,"Surry, NC",2757523
37173,"Swain, NC",621769
37175,"Transylvania, NC",1075742
37177,"Tyrrell, NC",111155
37179,"Union, NC",6927936
37181,"Vance, NC",1352469
37183,"Wake, NC",76979769
37185,"Warren, NC",363659
37187,"Washington, NC",291999
37189,"Watauga, NC",2204140
37191,"Wayne, NC",5195047
37193,"Wilkes, NC",2326470
37195,"Wilson, NC",4372310
37197,"Yadkin, NC",1125784
37199,"Yancey, NC",465872
38001,"Adams, ND",161689
38003,"Barnes, ND",708972
38005,"Benson, ND",226978
38007,"Billings, ND",115325
38009,"Bottineau, ND",372625
38011,"Bowman, ND",223876
38013,"Burke, ND",126180
38015,"Burleigh, ND",5901363
38017,"Cass, ND",12547098
38019,"Cavalier, ND",409716
38021,"Dickey, ND",294945
38023,"Divide, ND",162212
38025,"Dunn, ND",855064
38027,"Eddy, ND",111814
38029,"Emmons, ND",165591
38031,"Foster, ND",266869
38033,"Golden Valley, ND",82370
38035,"Grand Forks, ND",4237954
38037,"Grant, ND",78861
38039,"Griggs, ND",135058
38041,"Hettinger, ND",115542
38043,"Kidder, ND",121759
38045,"LaMoure, ND",273833
38047,"Logan, ND",161708
38049,"McHenry, ND",263767
38051,"McIntosh, ND",174498
38053,"McKenzie, ND",2769638
38055,"McLean, ND",778187
38057,"Mercer, ND",1037107
38059,"Morton, ND",1599395
38061,"Mountrail, ND",1405445
38063,"Nelson, ND",156054
38065,"Oliver, ND",267261
38067,"Pembina, ND",394802
38069,"Pierce, ND",281404
38071,"Ramsey, ND",564292
38073,"Ransom, ND",268854
38075,"Renville, ND",144876
38077,"Richland, ND",1058471
38079,"Rolette, ND",404893
38081,"Sargent, ND",886534
38083,"Sheridan, ND",38983
38085,"Sioux, ND",130315
38087,"Slope, ND",49463
38089,"Stark, ND",2734939
38091,"Steele, ND",170013
38093,"Stutsman, ND",1434456
38095,"Towner, ND",133146
38097,"Traill, ND",428350
38099,"Walsh, ND",519802
38101,"Ward, ND",4168646
38103,"Wells, ND",265233
38105,"Williams, ND",5696036
39001,"Adams, OH",952936
39003,"Allen, OH",8221147
39005,"Ashland, OH",1843358
39007,"Ashtabula, OH",3155423
39009,"Athens, OH",2166194
39011,"Auglaize, OH",2475950
39013,"Belmont, OH",6353459
39015,"Brown, OH",901240
39017,"Butler, OH",20361163
39019,"Carroll, OH",2178269
39021,"Champaign, OH",1196419
39023,"Clark, OH",5001476
39025,"Clermont, OH",8684507
39027,"Clinton, OH",2179592
39029,"Columbiana, OH",3182450
39031,"Coshocton, OH",1462097
39033,"Crawford, OH",1383161
39035,"Cuyahoga, OH",100074594
39037,"Darke, OH",2017215
39039,"Defiance, OH",1855513
39041,"Delaware, OH",10855408
39043,"Erie, OH",5489487
39045,"Fairfield, OH",4347962
39047,"Fayette, OH",2666254
39049,"Franklin, OH",97774525
39051,"Fulton, OH",2183611
39053,"Gallia, OH",2480377
39055,"Geauga, OH",4235956
39057,"Greene, OH",9776533
39059,"Guernsey, OH",2620297
39061,"Hamilton, OH",76096986
39063,"Hancock, OH",5865803
39065,"Hardin, OH",1044621
39067,"Harrison, OH",1504159
39069,"Henry, OH",1278034
39071,"Highland, OH",1198049
39073,"Hocking, OH",674313
39075,"Holmes, OH",2470086
39077,"Huron, OH",2427386
39079,"Jackson, OH",1010461
39081,"Jefferson, OH",4590390
39083,"Knox, OH",2153412
39085,"Lake, OH",11819949
39087,"Lawrence, OH",1865085
39089,"Licking, OH",6296221
39091,"Logan, OH",2147641
39093,"Lorain, OH",11251295
39095,"Lucas, OH",26754711
39097,"Madison, OH",1886704
39099,"Mahoning, OH",9706906
39101,"Marion, OH",2953055
39103,"Medina, OH",6987777
39105,"Meigs, OH",411447
39107,"Mercer, OH",2332812
39109,"Miami, OH",4568612
39111,"Monroe, OH",2797212
39113,"Montgomery, OH",28909746
39115,"Morgan, OH",331583
39117,"Morrow, OH",627746
39119,"Muskingum, OH",3961660
39121,"Noble, OH",938986
39123,"Ottawa, OH",2074192
39125,"Paulding, OH",614618
39127,"Perry, OH",800028
39129,"Pickaway, OH",1895191
39131,"Pike, OH",2035664
39133,"Portage, OH",6112803
39135,"Preble, OH",1257557
39137,"Putnam, OH",1415800
39139,"Richland, OH",4886027
39141,"Ross, OH",2921059
39143,"Sandusky, OH",2940827
39145,"Scioto, OH",3046637
39147,"Seneca, OH",1901034
39149,"Shelby, OH",3323098
39151,"Stark, OH",17168748
39153,"Summit, OH",30687321
39155,"Trumbull, OH",8010128
39157,"Tuscarawas, OH",3828988
39159,"Union, OH",4169921
39161,"Van Wert, OH",1431621
39163,"Vinton, OH",327096
39165,"Warren, OH",10807140
39167,"Washington, OH",3672524
39169,"Wayne, OH",5626421
39171,"Williams, OH",1771917
39173,"Wood, OH",7130596
39175,"Wyandot, OH",1108844
40001,"Adair, OK",436817
40003,"Alfalfa, OK",204221
40005,"Atoka, OK",337101
40007,"Beaver, OK",353496
40009,"Beckham, OK",1287717
40011,"Blaine, OK",415188
40013,"Bryan, OK",1565623
40015,"Caddo, OK",879537
40017,"Canadian, OK",4653986
40019,"Carter, OK",2724690
40021,"Cherokee, OK",1250377
40023,"Choctaw, OK",452682
40025,"Cimarron, OK",185921
40027,"Cleveland, OK",8108704
40029,"Coal, OK",119371
40031,"Comanche, OK",5012942
40033,"Cotton, OK",155653
40035,"Craig, OK",479719
40037,"Creek, OK",1965838
40039,"Custer, OK",1610627
40041,"Delaware, OK",841354
40043,"Dewey, OK",317468
40045,"Ellis, OK",278324
40047,"Garfield, OK",2886362
40049,"Garvin, OK",1430718
40051,"Grady, OK",1412899
40053,"Grant, OK",364223
40055,"Greer, OK",107010
40057,"Harmon, OK",64883
40059,"Harper, OK",255721
40061,"Haskell, OK",330874
40063,"Hughes, OK",326569
40065,"Jackson, OK",1283950
40067,"Jefferson, OK",131266
40069,"Johnston, OK",390745
40071,"Kay, OK",1847931
40073,"Kingfisher, OK",954094
40075,"Kiowa, OK",220864
40077,"Latimer, OK",333052
40079,"Le Flore, OK",1423572
40081,"Lincoln, OK",726089
40083,"Logan, OK",704497
40085,"Love, OK",459186
40087,"McClain, OK",1058630
40089,"McCurtain, OK",984707
40091,"McIntosh, OK",354815
40093,"Major, OK",390843
40095,"Marshall, OK",550957
40097,"Mayes, OK",1602687
40099,"Murray, OK",555529
40101,"Muskogee, OK",3302371
40103,"Noble, OK",690331
40105,"Nowata, OK",185274
40107,"Okfuskee, OK",227408
40109,"Oklahoma, OK",64352017
40111,"Okmulgee, OK",916127
40113,"Osage, OK",818659
40115,"Ottawa, OK",991868
40117,"Pawnee, OK",367670
40119,"Payne, OK",3427886
40121,"Pittsburg, OK",1883968
40123,"Pontotoc, OK",2186329
40125,"Pottawatomie, OK",2017700
40127,"Pushmataha, OK",234998
40129,"Roger Mills, OK",155519
40131,"Rogers, OK",2918771
40133,"Seminole, OK",758506
40135,"Sequoyah, OK",733241
40137,"Stephens, OK",1551518
40139,"Texas, OK",1353430
40141,"Tillman, OK",287506
40143,"Tulsa, OK",49075158
40145,"Wagoner, OK",1170736
40147,"Washington, OK",6079468
40149,"Washita, OK",269929
40151,"Woods, OK",560310
40153,"Woodward, OK",1247398
41001,"Baker, OR",652733
41003,"Benton, OR",5123071
41005,"Clackamas, OR",21482671
41007,"Clatsop, OR",2008268
41009,"Columbia, OR",1384309
41011,"Coos, OR",2400979
41013,"Crook, OR",782054
41015,"Curry, OR",713708
41017,"Deschutes, OR",9326898
41019,"Douglas, OR",3938195
41021,"Gilliam, OR",317996
41023,"Grant, OR",290087
41025,"Harney, OR",293870
41027,"Hood River, OR",1286163
41029,"Jackson, OR",9323330
41031,"Jefferson, OR",796137
41033,"Josephine, OR",2896389
41035,"Klamath, OR",2577225
41037,"Lake, OR",311931
41039,"Lane, OR",17205000
41041,"Lincoln, OR",2025081
41043,"Linn, OR",5014306
41045,"Malheur, OR",1299565
41047,"Marion, OR",16212174
41049,"Morrow, OR",1118322
41051,"Multnomah, OR",67121018
41053,"Polk, OR",2045571
41055,"Sherman, OR",643639
41057,"Tillamook, OR",1048241
41059,"Umatilla, OR",3865074
41061,"Union, OR",1094648
41063,"Wallowa, OR",385643
41065,"Wasco, OR",1361786
41067,"Washington, OR",49680871
41069,"Wheeler, OR",67001
41071,"Yamhill, OR",3688878
42001,"Adams, PA",3906093
42003,"Allegheny, PA",96697540
42005,"Armstrong, PA",2528848
42007,"Beaver, PA",8031494
42009,"Bedford, PA",1661793
42011,"Berks, PA",20444464
42013,"Blair, PA",5981718
42015,"Bradford, PA",4557598
42017,"Bucks, PA",34399200
42019,"Butler, PA",10866790
42021,"Cambria, PA",5071347
42023,"Cameron, PA",276755
42025,"Carbon, PA",2329859
42027,"Centre, PA",8934267
42029,"Chester, PA",45687252
42031,"Clarion, PA",1348207
42033,"Clearfield, PA",2897652
42035,"Clinton, PA",1620585
42037,"Columbia, PA",2567183
42039,"Crawford, PA",3284618
42041,"Cumberland, PA",15311473
42043,"Dauphin, PA",23610378
42045,"Delaware, PA",34373311
42047,"Elk, PA",1624203
42049,"Erie, PA",12499735
42051,"Fayette, PA",4391035
42053,"Forest, PA",291548
42055,"Franklin, PA",6182176
42057,"Fulton, PA",719605
42059,"Greene, PA",4132735
42061,"Huntingdon, PA",1397226
42063,"Indiana, PA",4244361
42065,"Jefferson, PA",1699342
42067,"Juniata, PA",835756
42069,"Lackawanna, PA",10170820
42071,"Lancaster, PA",29441064
42073,"Lawrence, PA",3156818
42075,"Lebanon, PA",6212291
42077,"Lehigh, PA",23988329
42079,"Luzerne, PA",16620004
42081,"Lycoming, PA",6612948
42083,"McKean, PA",1967034
42085,"Mercer, PA",4563798
42087,"Mifflin, PA",1734350
42089,"Monroe, PA",6513963
42091,"Montgomery, PA",77554844
42093,"Montour, PA",1901516
42095,"Northampton, PA",14023008
42097,"Northumberland, PA",3281793
42099,"Perry, PA",975027
42101,"Philadelphia, PA",120491943
42103,"Pike, PA",1427387
42105,"Potter, PA",796643
42107,"Schuylkill, PA",5368483
42109,"Snyder, PA",1726286
42111,"Somerset, PA",2830594
42113,"Sullivan, PA",495416
42115,"Susquehanna, PA",4041390
42117,"Tioga, PA",2104556
42119,"Union, PA",1947749
42121,"Venango, PA",1919454
42123,"Warren, PA",1741613
42125,"Washington, PA",15895056
42127,"Wayne, PA",1726625
42129,"Westmoreland, PA",14430235
42131,"Wyoming, PA",2121606
42133,"York, PA",20978990
44001,"Bristol, RI",1761040
44003,"Kent, RI",9061784
44005,"Newport, RI",5953558
44007,"Providence, RI",36773753
44009,"Washington, RI",7037459
45001,"Abbeville, SC",590435
45003,"Aiken, SC",6958015
45005,"Allendale, SC",393724
45007,"Anderson, SC",7093200
45009,"Bamberg, SC",354546
45011,"Barnwell, SC",709055
45013,"Beaufort, SC",7494920
45015,"Berkeley, SC",7753631
45017,"Calhoun, SC",857522
45019,"Charleston, SC",31412677
45021,"Cherokee, SC",2120978
45023,"Chester, SC",1194010
45025,"Chesterfield, SC",1596558
45027,"Clarendon, SC",625922
45029,"Colleton, SC",1033414
45031,"Darlington, SC",2578701
45033,"Dillon, SC",854575
45035,"Dorchester, SC",3542221
45037,"Edgefield, SC",593837
45039,"Fairfield, SC",1351997
45041,"Florence, SC",7556486
45043,"Georgetown, SC",2498440
45045,"Greenville, SC",30906085
45047,"Greenwood, SC",2970610
45049,"Hampton, SC",497746
45051,"Horry, SC",12734507
45053,"Jasper, SC",1032759
45055,"Kershaw, SC",2034163
45057,"Lancaster, SC",3820694
45059,"Laurens, SC",4559554
45061,"Lee, SC",372343
45063,"Lexington, SC",12268323
45065,"McCormick, SC",219175
45067,"Marion, SC",603140
45069,"Marlboro, SC",822551
45071,"Newberry, SC",1541070
45073,"Oconee, SC",3893248
45075,"Orangeburg, SC",3429945
45077,"Pickens, SC",3872382
45079,"Richland, SC",26201102
45081,"Saluda, SC",405715
45083,"Spartanburg, SC",15295526
45085,"Sumter, SC",4246233
45087,"Union, SC",754531
45089,"Williamsburg, SC",833908
45091,"York, SC",11449698
46003,"Aurora, SD",135735
46005,"Beadle, SD",1008786
46007,"Bennett, SD",71108
46009,"Bon Homme, SD",242896
46011,"Brookings, SD",2129833
46013,"Brown, SD",2258168
46015,"Brule, SD",268103
46017,"Buffalo, SD",108028
46019,"Butte, SD",304016
46021,"Campbell, SD",98553
46023,"Charles Mix, SD",611445
46025,"Clark, SD",162511
46027,"Clay, SD",643407
46029,"Codington, SD",1500445
46031,"Corson, SD",115637
46033,"Custer, SD",230324
46035,"Davison, SD",1155059
46037,"Day, SD",267311
46039,"Deuel, SD",252908
46041,"Dewey, SD",193691
46043,"Douglas, SD",218615
46045,"Edmunds, SD",197961
46047,"Fall River, SD",271885
46049,"Faulk, SD",87276
46051,"Grant, SD",574691
46053,"Gregory, SD",208893
46055,"Haakon, SD",105319
46057,"Hamlin, SD",214543
46059,"Hand, SD",180802
46061,"Hanson, SD",152886
46063,"Harding, SD",75493
46065,"Hughes, SD",1224359
46067,"Hutchinson, SD",459531
46069,"Hyde, SD",80365
46071,"Jackson, SD",74000
46073,"Jerauld, SD",218148
46075,"Jones, SD",67797
46077,"Kingsbury, SD",263537
46079,"Lake, SD",593688
46081,"Lawrence, SD",1110924
46083,"Lincoln, SD",2488573
46085,"Lyman, SD",239337
46087,"McCook, SD",259880
46089,"McPherson, SD",74661
46091,"Marshall, SD",332693
46093,"Meade, SD",779553
46095,"Mellette, SD",33165
46097,"Miner, SD",138802
46099,"Minnehaha, SD",17766273
46101,"Moody, SD",302533
46102,"Oglala Lakota, SD*",327045
46103,"Pennington, SD",5802018
46105,"Perkins, SD",144846
46107,"Potter, SD",145955
46109,"Roberts, SD",350417
46111,"Sanborn, SD",153055
46115,"Spink, SD",286905
46117,"Stanley, SD",198987
46119,"Sully, SD",132230
46121,"Todd, SD",240112
46123,"Tripp, SD",286989
46125,"Turner, SD",453377
46127,"Union, SD",1330169
46129,"Walworth, SD",233951
46135,"Yankton, SD",1319786
46137,"Ziebach, SD",54931
47001,"Anderson, TN",4770850
47003,"Bedford, TN",1824402
47005,"Benton, TN",386699
47007,"Bledsoe, TN",224732
47009,"Blount, TN",5384691
47011,"Bradley, TN",4907911
47013,"Campbell, TN",917213
47015,"Cannon, TN",272721
47017,"Carroll, TN",770399
47019,"Carter, TN",1173099
47021,"Cheatham, TN",1092289
47023,"Chester, TN",371878
47025,"Claiborne, TN",812249
47027,"Clay, TN",192814
47029,"Cocke, TN",1134746
47031,"Coffee, TN",2861356
47033,"Crockett, TN",578776
47035,"Cumberland, TN",1739411
47037,"Davidson, TN",71674551
47039,"Decatur, TN",355058
47041,"DeKalb, TN",790073
47043,"Dickson, TN",1853773
47045,"Dyer, TN",1636436
47047,"Fayette, TN",1044029
47049,"Fentress, TN",460492
47051,"Franklin, TN",1141370
47053,"Gibson, TN",1575951
47055,"Giles, TN",1116040
47057,"Grainger, TN",426775
47059,"Greene, TN",2430483
47061,"Grundy, TN",238649
47063,"Hamblen, TN",3377502
47065,"Hamilton, TN",26341437
47067,"Hancock, TN",95943
47069,"Hardeman, TN",647586
47071,"Hardin, TN",1009909
47073,"Hawkins, TN",2159687
47075,"Haywood, TN",811020
47077,"Henderson, TN",858077
47079,"Henry, TN",1215451
47081,"Hickman, TN",428446
47083,"Houston, TN",159358
47085,"Humphreys, TN",694903
47087,"Jackson, TN",196759
47089,"Jefferson, TN",1514345
47091,"Johnson, TN",430699
47093,"Knox, TN",27307967
47095,"Lake, TN",210981
47097,"Lauderdale, TN",760976
47099,"Lawrence, TN",1185737
47101,"Lewis, TN",285388
47103,"Lincoln, TN",1007090
47105,"Loudon, TN",1782342
47107,"McMinn, TN",2186007
47109,"McNairy, TN",651958
47111,"Macon, TN",547031
47113,"Madison, TN",5904599
47115,"Marion, TN",828230
47117,"Marshall, TN",1050646
47119,"Maury, TN",3696773
47121,"Meigs, TN",248427
47123,"Monroe, TN",1340736
47125,"Montgomery, TN",5578688
47127,"Moore, TN",202648
47129,"Morgan, TN",299323
47131,"Obion, TN",1126317
47133,"Overton, TN",551897
47135,"Perry, TN",192242
47137,"Pickett, TN",146021
47139,"Polk, TN",310353
47141,"Putnam, TN",3745588
47143,"Rhea, TN",2155452
47145,"Roane, TN",2492347
47147,"Robertson, TN",2368047
47149,"Rutherford, TN",15039503
47151,"Scott, TN",589311
47153,"Sequatchie, TN",278255
47155,"Sevier, TN",4148649
47157,"Shelby, TN",65031814
47159,"Smith, TN",745508
47161,"Stewart, TN",919563
47163,"Sullivan, TN",8169722
47165,"Sumner, TN",6706911
47167,"Tipton, TN",1172035
47169,"Trousdale, TN",205452
47171,"Unicoi, TN",568112
47173,"Union, TN",352576
47175,"Van Buren, TN",101598
47177,"Warren, TN",1421164
47179,"Washington, TN",6099780
47181,"Wayne, TN",337678
47183,"Weakley, TN",1210373
47185,"White, TN",742352
47187,"Williamson, TN",22991779
47189,"Wilson, TN",5007946
48001,"Anderson, TX",1988266
48003,"Andrews, TX",3861784
48005,"Angelina, TX",3815116
48007,"Aransas, TX",648970
48009,"Archer, TX",341982
48011,"Armstrong, TX",54103
48013,"Atascosa, TX",3762102
48015,"Austin, TX",1385550
48017,"Bailey, TX",419838
48019,"Bandera, TX",363194
48021,"Bastrop, TX",2146243
48023,"Baylor, TX",166188
48025,"Bee, TX",846226
48027,"Bell, TX",16620763
48029,"Bexar, TX",109073496
48031,"Blanco, TX",342896
48033,"Borden, TX",431533
48035,"Bosque, TX",645583
48037,"Bowie, TX",4170563
48039,"Brazoria, TX",17654526
48041,"Brazos, TX",10272786
48043,"Brewster, TX",414312
48045,"Briscoe, TX",99607
48047,"Brooks, TX",313721
48049,"Brown, TX",1448436
48051,"Burleson, TX",1327378
48053,"Burnet, TX",1522258
48055,"Caldwell, TX",942426
48057,"Calhoun, TX",2090910
48059,"Callahan, TX",304751
48061,"Cameron, TX",11338634
48063,"Camp, TX",452090
48065,"Carson, TX",903542
48067,"Cass, TX",840550
48069,"Castro, TX",348012
48071,"Chambers, TX",2219120
48073,"Cherokee, TX",1579208
48075,"Childress, TX",233354
48077,"Clay, TX",241940
48079,"Cochran, TX",279078
48081,"Coke, TX",125228
48083,"Coleman, TX",232625
48085,"Collin, TX",64924439
48087,"Collingsworth, TX",106874
48089,"Colorado, TX",858768
48091,"Comal, TX",6121044
48093,"Comanche, TX",456282
48095,"Concho, TX",106629
48097,"Cooke, TX",2796243
48099,"Coryell, TX",1733617
48101,"Cottle, TX",80785
48103,"Crane, TX",757678
48105,"Crockett, TX",983987
48107,"Crosby, TX",277325
48109,"Culberson, TX",1133585
48111,"Dallam, TX",491534
48113,"Dallas, TX",264438886
48115,"Dawson, TX",701087
48117,"Deaf Smith, TX",1206267
48119,"Delta, TX",100604
48121,"Denton, TX",30992948
48123,"DeWitt, TX",4703748
48125,"Dickens, TX",125960
48127,"Dimmit, TX",3999511
48129,"Donley, TX",157262
48131,"Duval, TX",406807
48133,"Eastland, TX",1167412
48135,"Ector, TX",12571130
48137,"Edwards, TX",87078
48139,"Ellis, TX",5964052
48141,"El Paso, TX",32412416
48143,"Erath, TX",1730459
48145,"Falls, TX",428027
48147,"Fannin, TX",827955
48149,"Fayette, TX",1655361
48151,"Fisher, TX",239203
48153,"Floyd, TX",309429
48155,"Foard, TX",46250
48157,"Fort Bend, TX",25918414
48159,"Franklin, TX",415847
48161,"Freestone, TX",1218688
48163,"Frio, TX",1842282
48165,"Gaines, TX",2436183
48167,"Galveston, TX",15020639
48169,"Garza, TX",310255
48171,"Gillespie, TX",977897
48173,"Glasscock, TX",3410699
48175,"Goliad, TX",362954
48177,"Gonzales, TX",3317482
48179,"Gray, TX",1091101
48181,"Grayson, TX",5079386
48183,"Gregg, TX",8515870
48185,"Grimes, TX",1141162
48187,"Guadalupe, TX",10258297
48189,"Hale, TX",1394541
48191,"Hall, TX",83442
48193,"Hamilton, TX",247535
48195,"Hansford, TX",716108
48197,"Hardeman, TX",173828
48199,"Hardin, TX",1375137
48201,"Harris, TX",387731505
48203,"Harrison, TX",4589331
48205,"Hartley, TX",687541
48207,"Haskell, TX",285117
48209,"Hays, TX",7138280
48211,"Hemphill, TX",746550
48213,"Henderson, TX",1845415
48215,"Hidalgo, TX",23349215
48217,"Hill, TX",1001179
48219,"Hockley, TX",1876448
48221,"Hood, TX",2293277
48223,"Hopkins, TX",1422254
48225,"Houston, TX",858201
48227,"Howard, TX",6047038
48229,"Hudspeth, TX",157655
48231,"Hunt, TX",4018199
48233,"Hutchinson, TX",7678225
48235,"Irion, TX",1134838
48237,"Jack, TX",570430
48239,"Jackson, TX",744658
48241,"Jasper, TX",1058301
48243,"Jeff Davis, TX",80001
48245,"Jefferson, TX",25708480
48247,"Jim Hogg, TX",221545
48249,"Jim Wells, TX",1946129
48251,"Johnson, TX",6046893
48253,"Jones, TX",515656
48255,"Karnes, TX",8534558
48257,"Kaufman, TX",5082589
48259,"Kendall, TX",2065860
48261,"Kenedy, TX",257943
48263,"Kent, TX",282863
48265,"Kerr, TX",1903847
48267,"Kimble, TX",141161
48269,"King, TX",147124
48271,"Kinney, TX",124231
48273,"Kleberg, TX",1225240
48275,"Knox, TX",172575
48277,"Lamar, TX",2440695
48279,"Lamb, TX",750304
48281,"Lampasas, TX",483849
48283,"La Salle, TX",4977968
48285,"Lavaca, TX",1176217
48287,"Lee, TX",917059
48289,"Leon, TX",861752
48291,"Liberty, TX",2036872
48293,"Limestone, TX",1497901
48295,"Lipscomb, TX",494222
48297,"Live Oak, TX",1402341
48299,"Llano, TX",726480
48301,"Loving, TX",5868842
48303,"Lubbock, TX",14038142
48305,"Lynn, TX",230762
48307,"McCulloch, TX",402026
48309,"McLennan, TX",13863563
48311,"McMullen, TX",2306017
48313,"Madison, TX",528932
48315,"Marion, TX",303720
48317,"Martin, TX",6383456
48319,"Mason, TX",132967
48321,"Matagorda, TX",2239398
48323,"Maverick, TX",1634141
48325,"Medina, TX",981808
48327,"Menard, TX",61322
48329,"Midland, TX",26437372
48331,"Milam, TX",688772
48333,"Mills, TX",199240
48335,"Mitchell, TX",411807
48337,"Montague, TX",813588
48339,"Montgomery, TX",24858535
48341,"Moore, TX",1512639
48343,"Morris, TX",678819
48345,"Motley, TX",41217
48347,"Nacogdoches, TX",2613425
48349,"Navarro, TX",1678065
48351,"Newton, TX",531501
48353,"Nolan, TX",980826
48355,"Nueces, TX",20651891
48357,"Ochiltree, TX",1170482
48359,"Oldham, TX",307273
48361,"Orange, TX",3597548
48363,"Palo Pinto, TX",1038729
48365,"Panola, TX",2113699
48367,"Parker, TX",4044247
48369,"Parmer, TX",1298062
48371,"Pecos, TX",2584354
48373,"Polk, TX",1276907
48375,"Potter, TX",8654816
48377,"Presidio, TX",240599
48379,"Rains, TX",207676
48381,"Randall, TX",3841544
48383,"Reagan, TX",3916887
48385,"Real, TX",83214
48387,"Red River, TX",261687
48389,"Reeves, TX",8916268
48391,"Refugio, TX",428821
48393,"Roberts, TX",621882
48395,"Robertson, TX",1652298
48397,"Rockwall, TX",3365077
48399,"Runnels, TX",312385
48401,"Rusk, TX",2679406
48403,"Sabine, TX",303666
48405,"San Augustine, TX",777580
48407,"San Jacinto, TX",365557
48409,"San Patricio, TX",2516923
48411,"San Saba, TX",198811
48413,"Schleicher, TX",143163
48415,"Scurry, TX",1997209
48417,"Shackelford, TX",276740
48419,"Shelby, TX",1309982
48421,"Sherman, TX",231144
48423,"Smith, TX",11042024
48425,"Somervell, TX",1324486
48427,"Starr, TX",1378466
48429,"Stephens, TX",470556
48431,"Sterling, TX",267534
48433,"Stonewall, TX",213689
48435,"Sutton, TX",439206
48437,"Swisher, TX",418013
48439,"Tarrant, TX",120101296
48441,"Taylor, TX",6747621
48443,"Terrell, TX",113340
48445,"Terry, TX",673374
48447,"Throckmorton, TX",113097
48449,"Titus, TX",1797981
48451,"Tom Green, TX",5704607
48453,"Travis, TX",111568556
48455,"Trinity, TX",264020
48457,"Tyler, TX",425127
48459,"Upshur, TX",852868
48461,"Upton, TX",4754231
48463,"Uvalde, TX",908495
48465,"Val Verde, TX",1823395
48467,"Van Zandt, TX",1156035
48469,"Victoria, TX",5203232
48471,"Walker, TX",2297523
48473,"Waller, TX",1953415
48475,"Ward, TX",3292641
48477,"Washington, TX",2257642
48479,"Webb, TX",11710143
48481,"Wharton, TX",1837192
48483,"Wheeler, TX",721222
48485,"Wichita, TX",5975675
48487,"Wilbarger, TX",813620
48489,"Willacy, TX",787914
48491,"Williamson, TX",24989014
48493,"Wilson, TX",1007772
48495,"Winkler, TX",1491812
48497,"Wise, TX",3531151
48499,"Wood, TX",1499948
48501,"Yoakum, TX",2406878
48503,"Young, TX",882778
48505,"Zapata, TX",682897
48507,"Zavala, TX",670027
49001,"Beaver, UT",394906
49003,"Box Elder, UT",2553157
49005,"Cache, UT",5353406
49007,"Carbon, UT",1042734
49009,"Daggett, UT",118481
49011,"Davis, UT",14972633
49013,"Duchesne, UT",1123314
49015,"Emery, UT",914593
49017,"Garfield, UT",226691
49019,"Grand, UT",569394
49021,"Iron, UT",1688265
49023,"Juab, UT",531647
49025,"Kane, UT",317961
49027,"Millard, UT",837095
49029,"Morgan, UT",310227
49031,"Piute, UT",54482
49033,"Rich, UT",117713
49035,"Salt Lake, UT",92409828
49037,"San Juan, UT",500982
49039,"Sanpete, UT",864227
49041,"Sevier, UT",936191
49043,"Summit, UT",3373698
49045,"Tooele, UT",1897061
49047,"Uintah, UT",2147606
49049,"Utah, UT",26711942
49051,"Wasatch, UT",913241
49053,"Washington, UT",6088316
49055,"Wayne, UT",103620
49057,"Weber, UT",11064186
50001,"Addison, VT",1649080
50003,"Bennington, VT",1716444
50005,"Caledonia, VT",1157675
50007,"Chittenden, VT",11570630
50009,"Essex, VT",153000
50011,"Franklin, VT",1909422
50013,"Grand Isle, VT",173785
50015,"Lamoille, VT",1263039
50017,"Orange, VT",844280
50019,"Orleans, VT",1078806
50021,"Rutland, VT",2786045
50023,"Washington, VT",3825047
50025,"Windham, VT",2484152
50027,"Windsor, VT",2644860
51001,"Accomack, VA",3041457
51007,"Amelia, VA",369169
51009,"Amherst, VA",887197
51011,"Appomattox, VA",324270
51013,"Arlington, VA",35077695
51017,"Bath, VA",254758
51019,"Bedford, VA*",2112590
51021,"Bland, VA",261020
51023,"Botetourt, VA",1450805
51025,"Brunswick, VA",904117
51027,"Buchanan, VA",1047842
51029,"Buckingham, VA",621862
51033,"Caroline, VA",687174
51036,"Charles City, VA",208185
51037,"Charlotte, VA",313425
51041,"Chesterfield, VA",17216677
51043,"Clarke, VA",516690
51045,"Craig, VA",108228
51047,"Culpeper, VA",1835220
51049,"Cumberland, VA",198656
51051,"Dickenson, VA",487771
51057,"Essex, VA",395690
51061,"Fauquier, VA",2992746
51063,"Floyd, VA",433610
51065,"Fluvanna, VA",881852
51067,"Franklin, VA",1523142
51071,"Giles, VA",527147
51073,"Gloucester, VA",958348
51075,"Goochland, VA",2508802
51077,"Grayson, VA",324179
51079,"Greene, VA",520828
51083,"Halifax, VA",1428102
51085,"Hanover, VA",5994502
51087,"Henrico, VA",28394451
51091,"Highland, VA",101703
51093,"Isle of Wight, VA",1783925
51097,"King and Queen, VA",152076
51099,"King George, VA",1898023
51101,"King William, VA",500717
51103,"Lancaster, VA",466715
51105,"Lee, VA",510324
51107,"Loudoun, VA",26377063
51109,"Louisa, VA",2376613
51111,"Lunenburg, VA",277289
51113,"Madison, VA",395186
51115,"Mathews, VA",207433
51117,"Mecklenburg, VA",1233915
51119,"Middlesex, VA",379073
51125,"Nelson, VA",623030
51127,"New Kent, VA",486089
51131,"Northampton, VA",483086
51133,"Northumberland, VA",536433
51135,"Nottoway, VA",543483
51137,"Orange, VA",1063239
51139,"Page, VA",664698
51141,"Patrick, VA",486527
51145,"Powhatan, VA",775926
51147,"Prince Edward, VA",808980
51155,"Pulaski, VA",1367866
51157,"Rappahannock, VA",263247
51159,"Richmond, VA",297356
51167,"Russell, VA",769545
51169,"Scott, VA",515142
51171,"Shenandoah, VA",2082166
51173,"Smyth, VA",1203894
51179,"Stafford, VA",5411304
51181,"Surry, VA",1241285
51183,"Sussex, VA",369076
51185,"Tazewell, VA",1802813
51187,"Warren, VA",2022550
51193,"Westmoreland, VA",413273
51197,"Wythe, VA",1885693
51510,"Alexandria (Independent City), VA",15734949
51550,"Chesapeake (Independent City), VA",10805236
51650,"Hampton (Independent City), VA",7281475
51700,"Newport News (Independent City), VA",13427742
51710,"Norfolk (Independent City), VA",23307198
51740,"Portsmouth (Independent City), VA",6476232
51760,"Richmond (Independent City), VA",21522598
51770,"Roanoke (Independent City), VA",7451357
51800,"Suffolk (Independent City), VA",4908182
51810,"Virginia Beach (Independent City), VA",22621499
51901,"Albemarle + Charlottesville, VA*",11835232
51903,"Alleghany + Covington, VA*",1055782
51907,"Augusta, Staunton + Waynesboro, VA*",5494727
51911,"Campbell + Lynchburg, VA*",7375043
51913,"Carroll + Galax, VA*",1067135
51918,"Dinwiddie, Colonial Heights + Petersburg, VA*",3055323
51919,"Fairfax, Fairfax City + Falls Church, VA*",114152628
51921,"Frederick + Winchester, VA*",6405859
51923,"Greensville + Emporia, VA*",966863
51929,"Henry + Martinsville, VA*",2416500
51931,"James City + Williamsburg, VA*",4660201
51933,"Montgomery + Radford, VA*",6175379
51939,"Pittsylvania + Danville, VA*",3819154
51941,"Prince George + Hopewell, VA*",4238996
51942,"Prince William, Manassas + Manassas Park, VA*",20494695
51944,"Roanoke + Salem, VA*",6472634
51945,"Rockbridge, Buena Vista + Lexington, VA*",1244128
51947,"Rockingham + Harrisonburg, VA*",6801138
51949,"Southampton + Franklin, VA*",798287
51951,"Spotsylvania + Fredericksburg, VA*",6023714
51953,"Washington + Bristol, VA*",2860242
51955,"Wise + Norton, VA*",1685209
51958,"York + Poquoson, VA*",2672184
53001,"Adams, WA",904604
53003,"Asotin, WA",774737
53005,"Benton, WA",11588677
53007,"Chelan, WA",4676439
53009,"Clallam, WA",2750694
53011,"Clark, WA",20743251
53013,"Columbia, WA",467092
53015,"Cowlitz, WA",5183516
53017,"Douglas, WA",2009695
53019,"Ferry, WA",216886
53021,"Franklin, WA",3756541
53023,"Garfield, WA",159629
53025,"Grant, WA",5790087
53027,"Grays Harbor, WA",2847465
53029,"Island, WA",3157398
53031,"Jefferson, WA",1101987
53033,"King, WA",303694235
53035,"Kitsap, WA",13056917
53037,"Kittitas, WA",1866037
53039,"Klickitat, WA",1307484
53041,"Lewis, WA",3749481
53043,"Lincoln, WA",477384
53045,"Mason, WA",1726597
53047,"Okanogan, WA",1554040
53049,"Pacific, WA",785744
53051,"Pend Oreille, WA",686530
53053,"Pierce, WA",44809301
53055,"San Juan, WA",773007
53057,"Skagit, WA",8114344
53059,"Skamania, WA",318553
53061,"Snohomish, WA",43533409
53063,"Spokane, WA",26482714
53065,"Stevens, WA",1257523
53067,"Thurston, WA",14064850
53069,"Wahkiakum, WA",114690
53071,"Walla Walla, WA",3360102
53073,"Whatcom, WA",14639526
53075,"Whitman, WA",2812747
53077,"Yakima, WA",10517064
54001,"Barbour, WV",386747
54003,"Berkeley, WV",3488914
54005,"Boone, WV",643362
54007,"Braxton, WV",317025
54009,"Brooke, WV",876818
54011,"Cabell, WV",4891674
54013,"Calhoun, WV",129277
54015,"Clay, WV",118189
54017,"Doddridge, WV",931871
54019,"Fayette, WV",1080691
54021,"Gilmer, WV",182336
54023,"Grant, WV",481781
54025,"Greenbrier, WV",1165344
54027,"Hampshire, WV",362810
54029,"Hancock, WV",1428566
54031,"Hardy, WV",416425
54033,"Harrison, WV",4591120
54035,"Jackson, WV",1474055
54037,"Jefferson, WV",1602294
54039,"Kanawha, WV",10867844
54041,"Lewis, WV",697696
54043,"Lincoln, WV",239460
54045,"Logan, WV",1299755
54047,"McDowell, WV",570505
54049,"Marion, WV",2260957
54051,"Marshall, WV",2775547
54053,"Mason, WV",907241
54055,"Mercer, WV",1741334
54057,"Mineral, WV",831148
54059,"Mingo, WV",730799
54061,"Monongalia, WV",7064916
54063,"Monroe, WV",231593
54065,"Morgan, WV",284148
54067,"Nicholas, WV",652920
54069,"Ohio, WV",3310804
54071,"Pendleton, WV",142909
54073,"Pleasants, WV",502607
54075,"Pocahontas, WV",277557
54077,"Preston, WV",719429
54079,"Putnam, WV",3094140
54081,"Raleigh, WV",3051007
54083,"Randolph, WV",902067
54085,"Ritchie, WV",657061
54087,"Roane, WV",301354
54089,"Summers, WV",221493
54091,"Taylor, WV",485089
54093,"Tucker, WV",290289
54095,"Tyler, WV",672181
54097,"Upshur, WV",733001
54099,"Wayne, WV",1006874
54101,"Webster, WV",161094
54103,"Wetzel, WV",756817
54105,"Wirt, WV",65162
54107,"Wood, WV",3779376
54109,"Wyoming, WV",582099
55001,"Adams, WI",503515
55003,"Ashland, WI",780667
55005,"Barron, WI",2197090
55007,"Bayfield, WI",455147
55009,"Brown, WI",18750783
55011,"Buffalo, WI",627377
55013,"Burnett, WI",541993
55015,"Calumet, WI",1628827
55017,"Chippewa, WI",2776781
55019,"Clark, WI",1362729
55021,"Columbia, WI",3126647
55023,"Crawford, WI",787074
55025,"Dane, WI",45531350
55027,"Dodge, WI",3686317
55029,"Door, WI",1328350
55031,"Douglas, WI",2050987
55033,"Dunn, WI",1948828
55035,"Eau Claire, WI",6595617
55037,"Florence, WI",142994
55039,"Fond du Lac, WI",5285833
55041,"Forest, WI",335992
55043,"Grant, WI",2175009
55045,"Green, WI",1657025
55047,"Green Lake, WI",734120
55049,"Iowa, WI",1166860
55051,"Iron, WI",203515
55053,"Jackson, WI",1002002
55055,"Jefferson, WI",4503495
55057,"Juneau, WI",886719
55059,"Kenosha, WI",6930666
55061,"Kewaunee, WI",795820
55063,"La Crosse, WI",7317180
55065,"Lafayette, WI",629032
55067,"Langlade, WI",748520
55069,"Lincoln, WI",1194847
55071,"Manitowoc, WI",4305121
55073,"Marathon, WI",8913214
55075,"Marinette, WI",2135515
55077,"Marquette, WI",430544
55078,"Menominee, WI",185411
55079,"Milwaukee, WI",61228371
55081,"Monroe, WI",2501153
55083,"Oconto, WI",982393
55085,"Oneida, WI",1665401
55087,"Outagamie, WI",11472826
55089,"Ozaukee, WI",5187901
55091,"Pepin, WI",280304
55093,"Pierce, WI",1195260
55095,"Polk, WI",1657006
55097,"Portage, WI",3799073
55099,"Price, WI",576139
55101,"Racine, WI",9648711
55103,"Richland, WI",705654
55105,"Rock, WI",7887984
55107,"Rusk, WI",580913
55109,"St. Croix, WI",3448070
55111,"Sauk, WI",3798034
55113,"Sawyer, WI",715572
55115,"Shawano, WI",1223440
55117,"Sheboygan, WI",7435577
55119,"Taylor, WI",885362
55121,"Trempealeau, WI",1519021
55123,"Vernon, WI",999846
55125,"Vilas, WI",953491
55127,"Walworth, WI",4379014
55129,"Washburn, WI",585660
55131,"Washington, WI",6327772
55133,"Waukesha, WI",30987892
55135,"Waupaca, WI",2046465
55137,"Waushara, WI",615623
55139,"Winnebago, WI",10411532
55141,"Wood, WI",4233072
56001,"Albany, WY",1597901
56003,"Big Horn, WY",514512
56005,"Campbell, WY",6042255
56007,"Carbon, WY",1270837
56009,"Converse, WY",1430030
56011,"Crook, WY",328308
56013,"Fremont, WY",1645788
56015,"Goshen, WY",603618
56017,"Hot Springs, WY",247402
56019,"Johnson, WY",391976
56021,"Laramie, WY",5742537
56023,"Lincoln, WY",807207
56025,"Natrona, WY",5672135
56027,"Niobrara, WY",130556
56029,"Park, WY",1460391
56031,"Platte, WY",577915
56033,"Sheridan, WY",1397518
56035,"Sublette, WY",1245979
56037,"Sweetwater, WY",3880016
56039,"Teton, WY",2505534
56041,"Uinta, WY",927537
56043,"Washakie, WY",379984
56045,"Weston, WY",318545
